問題No,難易度,問題,選択肢1,選択肢2,選択肢3,選択肢4,正解,コメント
D-1,D,"この会の正式名称は何か？","電気通信大学学生会","電気通信大学学友会","電気通信大学自治会","電気通信大学生徒会",2,"基本則 第1章 第1条に「本会は電気通信大学学友会と称し」と記載されています。"
D-2,D,"学友会に1年次で加入する場合の会費はいくらか？","10,000円","15,000円","20,000円","5,000円",3,"学友会費に関する細則 第1条に「1年次加入 ・・・・・・20,000円」と記載されています。"
D-3,D,"学友会の最高責任者は誰か？","会計委員長","総会議長","執行委員長","サークル代表者会議議長",3,"基本則 第3章 第11条に「執行委員長は本会の最高責任者である」と記載されています。"
D-4,D,"学友会の最高の決議機関は何か？","執行委員会","会計委員会","サークル代表者会議","総会",4,"基本則 第2章 第7条に「総会は本会の最高の決議機関である」と記載されています。"
D-5,D,"学友会の目的として正しいものはどれか？","会員の就職活動の支援","会員の学業成績の向上","会員の大学生活の充実","大学運営への参画",3,"基本則 第1章 第2条に「本会は、本会会員の大学生活の充実を目的として運営されなければならない」と記載されています。"
D-6,D,"4年次で学友会に加入する場合の会費はいくらか？","20,000円","15,000円","10,000円","5,000円",4,"学友会費に関する細則 第1条に「4年次加入 ・・・・・・ 5,000円」と記載されています。"
D-7,D,"学友会誌の編集及び発行を行う機関はどれか？","執行委員会","群青編集委員会","新入生歓迎実行委員会","ネットワーク管理委員会",2,"機関における細則 第2条に「群青編集委員会 学友会誌の編集及び発行を行う」と記載されています。"
D-8,D,"調布祭の企画運営を行う機関はどれか？","執行委員会","群青編集委員会","調布祭実行委員会","新入生歓迎実行委員会",3,"機関における細則 第2条に「調布祭実行委員会 調布祭の企画運営を行う」と記載されています。"
D-9,D,"本会の収入源として、会則に定められていないものはどれか？","会費","寄付金","大学からの補助金","雑収益金",3,"基本則 第6章 第19条には「会費」「寄付金」「雑収益金」が定められていますが、「大学からの補助金」という直接の記載はありません。"
D-10,D,"学友会員であるための基本的な条件は何か？","本学の大学院生であること","本学の教職員であること","本学の学士課程の学生であること","本学の卒業生であること",3,"基本則 第1章 第3条に「本会の会員であるには本学の学士課程の学生であることを必要とする」と記載されています。"
D-11,D,"新入生歓迎行事の企画運営を行う機関はどれか？","調布祭実行委員会","新入生歓迎実行委員会","執行委員会","会計委員会",2,"機関における細則 第2条に「新入生歓迎実行委員会 新入生歓迎行事の企画運営を行う」と記載されています。"
D-12,D,"副執行委員長の定員は何名か？","1名","2名","3名","特に定められていない",2,"基本則 第3章 第11条に「なお、定員を２名とする」と記載されています。"
D-13,D,"学友会の年度のうち、前期の期間はいつからいつまでか？","四月一日より九月三十日まで","四月一日より三月三十一日まで","六月一日より十一月三十日まで","十二月一日より五月三十一日まで",3,"基本則 第7章 第23条に「前期六月一日より十一月三十日まで」と記載されています。"
D-14,D,"学友会の年度のうち、後期の期間はいつからいつまでか？","十月一日より三月三十一日まで","十一月三十日より五月三十一日まで","六月一日より十一月三十日まで","十二月一日より五月三十一日まで",4,"基本則 第7章 第23条に「後期十二月一日より五月三十一日まで」と記載されています。"
D-15,D,"総会の場で議案の提出及び修正を行うには、どのような形式で提出しなければならないか？","口頭での申し出","書面による提出","電子メールによる提出","事前の電話連絡",2,"第12回総会議案「総会における議案提出及び修正方法に関する議案」の本文に「書面による提出を行なわなければならない」とあります。"
D-16,D,"2年次で学友会に加入する場合の会費はいくらか？","20,000円","15,000円","10,000円","5,000円",2,"学友会費に関する細則 第1条に「2年次加入 ・・・・・・15,000円」と記載されています。"
D-17,D,"3年次で学友会に加入する場合の会費はいくらか？","20,000円","15,000円","10,000円","5,000円",3,"学友会費に関する細則 第1条に「3年次加入 ・・・・・・10,000円」と記載されています。"
D-18,D,"公聴会において、議決を行うことはできるか？","執行委員長の許可があればできる","出席者の過半数の賛成があればできる","いかなる方法の議決も行ってはならない","重要な議題に限ってできる",3,"公聴会に関する細則 第4条に「公聴会においてはいかなる方法の議決も行ってはならない」とあります。"
D-19,D,"本会全体のネットワーク全般の管理を行う機関はどれか？","執行委員会","会計委員会","ネットワーク管理委員会","調布祭実行委員会",3,"機関における細則 第2条に「ネットワーク管理委員会 本会全体のネットワーク全般の管理を行う」と記載されています。"
D-20,D,"総会の議事録は、何年間保管されなければならないか？","1年間","3年間","6年間","永久に",3,"総会に関する細則 第22条に「総会の議事録は、６年間保管されなければならない」と記載されています。"
D-21,D,"サークルが公認を受ける前に、まず何になる必要があるか？","同好会","準公認サークル","仮設サークル","任意団体",2,"サークルに関する細則 第1条に「公認サークルとして承認される前には、準公認サークルであることを必要とする」と記載されています。"
D-22,D,"総会の種類として、会則に定められていないものはどれか？","定期総会","臨時総会","緊急総会","定期総会と臨時総会の両方",3,"基本則 第2章 第9条には「定期総会」と「臨時総会」の二種類が定められています。"
D-23,D,"サークル代表者会議の議決は、どのように行われるか？","議長の独断","出席者の満場一致","1サークル1票の多数決","援助金の額に応じた投票",3,"サークルに関する細則 第11条に「サークル代表者会議における議決は、１サークル1票の多数決で行い」とあります。"
D-24,D,"総会に関する細則で定義されている「議長団」に含まれない役職はどれか？","議長","副議長","書記","執行委員長",4,"総会に関する細則 第4条に「議長団は、議長、副議長及び書記により構成される」とあります。"
D-25,D,"会計委員会の専権（その機関だけが行える職務）とされる職務は何か？","予算の作成","予算の執行","予算についての監査と決算の総会報告","予備費の支出承認",3,"基本則 第5章 第17条に「会計委員会は本会の予算についての監査を行い、決算を総会に報告をする。なお、この職務は会計委員会の専権とする」とあります。"
D-26,D,"一旦納入された学友会費は、原則として返却されるか？","いつでも返却される","入学辞退者を除き原則として返却しない","理由があれば返却される","半額が返却される",2,"学友会費に関する細則 第1条に「一旦納入された会費は、入学辞退者を除き原則として返却しない」とあります。"
D-27,D,"サークルが公認・準公認される際に、活動目的として禁止されているものは何か？","スポーツ活動","文化活動","特定の政治活動または宗教活動","学術研究活動",3,"サークルに関する細則 第2条に「特定の政治活動または宗教活動を行うことを目的としないこと」とあります。"
D-28,D,"執行委員長が総会を公示する際、公示内容に含まれないものはどれか？","開催日時","開催場所","審議される議案の一覧","開催日時と開催場所の両方",3,"総会に関する細則 第3条で公示すると定められているのは「開催日時」と「開催場所」です。議案の一覧は定められていません。"
D-29,D,"緊急の際に備えて計上することができる費用を何というか？","特別費","予備費","交際費","雑費",2,"基本則 第6章 第22条に「本会は緊急の際に備えて、予備費を計上することができる」とあります。"
D-30,D,"過年次生が追加で1年間会員の権利を得るための会費はいくらか？","20,000円","10,000円","5,000円","1,000円",3,"学友会費に関する細則 第1条に「過年次生追加加入 ‥‥‥ 5,000円」とあります。"
D-31,D,"委任状の種類として定められているものは「個人委任状」と何か？","団体委任状","サークル委任状","議長委任状","執行部委任状",3,"総会に関する細則 第10条に「個人委任状」「議長委任状」の2種類が定められています。"
D-32,D,"サークル援助金の対象とならないのはどちらか？","公認サークル","準公認サークル","どちらも対象となる","どちらも対象とならない",2,"サークルに関する細則 第19条に「準公認期間中の活動に対して、サークル援助金は支給されない」とあります。"
D-33,D,"第55回総会で解体された機関はどれか？","体育会","音楽協議会","群青編集委員会","ネットワーク管理委員会",2,"第55回総会議案「音楽協議会の解体およびその解体に関する会則改正案」に記載があります。"
D-34,D,"第19回総会の議案で定められた「サークル援助金」の決定プロセスで、サークルが年度始めに会計委員会に提出する必要がない資料はどれか？","援助金希望項目に関する領収書","次年度の活動計画書","前年度部員名簿","前年度活動報告",2,"第19回総会議案の本文3に提出資料が列挙されており、「次年度の活動計画書」は含まれていません。"
D-35,D,"総会の場で提出する議案の書面に、必ず記載しなければならない項目はどれか？","提出者の連絡先","議案名","想定される反対意見","参考資料一覧",2,"第12回総会議案に記載すべき事項として「議案名」「提出者」「本文」「主旨」「提出理由」が挙げられています。"
D-36,D,"サークル代表者会議の議長団に選出されないのはどのサークルの代表者か？","文化系サークル","体育会系サークル","公認サークル","準公認サークル",4,"サークルに関する細則 第9条に「準公認サークルの代表者は議長団に選出されない」とあります。"
D-37,D,"第21回総会の議案によると、サークル代表者は複数のサークルの代表者を兼任できるか？","できる","できない","議長の許可があればできる","2つまでならできる",2,"第21回総会議案「サークル代表者の扱い」に「サークル代表者は複数のサークルの代表者を兼任できない」とあります。"
D-38,D,"学友会員が休学する際に権利の延長を申請する場合、受付を行うのはどの機関か？","執行委員会","会計委員会","総会議長","所属サークルの代表者",2,"学友会員の権利における細則 第2条に「受付は、会計委員会が行うこととする」とあります。"
D-39,D,"耐久消費財のリストに購入年度が不明なものを記載する際、どのように表記するか？","不明","記載しない","H00","X00",4,"第42回総会議案「耐久消費財に関する議案」の3-1に「不明ならＸ００とする」と記載されています。"
D-40,D,"使途不明金が発生した機関が、まず報告しなければならない相手は誰か？","総会議長","執行委員長","会計委員長","全学友会員",3,"第20回総会議案「使途不明金の処理方法に関する議案」の本文2に「会計委員長に報告しなければならない」とあります。"
D-41,D,"基本則は本会のどのような規範であると定められているか？","努力目標","行動指針","最高規範","参考資料",3,"基本則 第1章 第4条に「基本則は本会の最高規範である」とあります。"
D-42,D,"総会の審議の順序を定めるのは誰か？","総会議長","執行委員会","会計委員長","出席した会員の多数決",2,"総会に関する細則 第19条に「総会の審議の順序は、執行委員会がこれを定める」とあります。"
D-43,D,"サークル代表者会議に出席できない場合、代理人を立てることはできるか？","できない","できる","議長の許可があればできる","執行委員会の許可があればできる",2,"サークルに関する細則 第12条に「やむをえない理由で代表者が出席できない場合は代理人を立て出席させることができる」とあります。"
D-44,D,"予算に含まれる「総収入額」は何と何を足した額に一致しなければならないか？","総支出額と前年度繰越額","総支出額と総内部留保額","総支出額と寄付金額","会費収入とその他の収入",2,"第17回総会議案の6.6に「本会の総収入額は総支出額と総内部留保額を足した額に一致しなければならない」とあります。"
D-45,D,"会計担当者は、どのくらいの頻度で資金と帳簿が一致することを確認しなければならないか？","一年に一度","半年に一度","三ヶ月に一度","一月に一度",4,"第16回総会議案「本会の会計管理に対する原則」の本文に「一月に一度、自らの管理する資金が帳簿の記載と一致する事を確認する」とあります。"
D-46,D,"会計委員会は定期的に本会の全ての資金の運営状況を確認するが、これは会計年度中に少なくとも何回行わなければならないか？","1回","2回","3回","4回",3,"第16回総会議案「本会の会計管理に対する原則」の本文に「これらは会計年度中に少なくとも3回おこなう」とあります。"
D-47,D,"総会の議事録を作成する際、元にするものは何か？","書記の記憶","出席者の証言","録音したもの","議長のメモ",3,"第34回総会議案「総会の議事録の保管方法及び公表に関する議案」の本文に「執行委員会は録音したものを元に議事録を冊子として作成する」とあります。"
D-48,D,"「本予算」とは何か？","会計委員長が最初に作成した予算","総会で審議される前の予算","総会において最終的に可決された予算","前年度の予算",3,"第17回総会議案の7.1に「本予算とは、総会において最終的に可決された予算の事である」と定義されています。"
D-49,D,"総会で決議を行うのは、どのような場合か？","議案提出者が要求した場合","議案に対する審議が十分に行われたと議長が判断した場合","執行委員長が指示した場合","会場の雰囲気が盛り上がった場合",2,"総会に関する細則 第20条に決議を行う場合の一つとして記載されています。"
D-50,D,"サークル代表者会議の議長は投票権を持つか？","常に1票を持つ","常に2票を持つ","投票権を持たない","棄権者が出た場合のみ持つ",3,"サークルに関する細則 第11条に「議長は投票権を持たない」と記載されています。"
D-51,D,"学友会の本部はどこに置くと定められているか？","東京都調布市","電気通信大学内","執行委員長の自宅","オンライン上",2,"基本則 第1章 第1条に「電気通信大学内にその本部を置く」と記載されています。"
D-52,D,"公聴会の目的は何ですか？","予算案を議決すること","会員が意見を交換すること","新入生を歓迎すること","サークルの承認を行うこと",2,"公聴会に関する細則 第1条に「会員が意見を交換する事を目的とする」と記載されています。"
D-53,D,"執行委員会の職務として正しいものはどれか？","学友会誌の編集","調布祭の企画運営","本会全体に関係する事務","本会の会計監査",3,"機関における細則 第2条に「本会全体に関係する事務を行う」と記載されています。"
D-54,D,"サークル代表者会議の議長団の合計人数は何名か（補助の執行委員を除く）？","2名","3名","4名","5名",3,"サークルに関する細則 第9条に「議長、副議長、書記２名の計4 名によって構成され」と記載されています。"
D-55,D,"学友会員の権利として、会則に定められていないものはどれか？","議案提出権","被選挙権","審議権","学食の割引",4,"基本則 第3条の3に権利が列挙されていますが、「学食の割引」は含まれていません。"
D-56,D,"会計年度中の本会の全ての収入の総額を何と呼ぶか？","総支出額","総収入額","前年度繰越額","内部留保予算",2,"第17回総会議案の5.2に「本会の総収入額とは、会計年度中の本会の会費収入、全ての機関の収入、寄付金及びその他全ての収入の総額である」と定義されています。"
D-57,D,"サークル代表者会議を構成するのは誰か？","学友会の全機関の長","学友会公認および準公認サークルの代表者","執行委員会の委員","総会で選ばれた会員",2,"サークルに関する細則 第7条に「学友会公認および準公認サークルの代表者により構成される」と記載されています。"
D-58,D,"議案の提出を望む者は、どこに提出するか？","総会議長","会計委員会","執行委員会","サークル代表者会議",3,"総会に関する細則 第18条に「執行委員会に提出することができる」と記載されています。"
D-59,D,"耐久消費財のリスト記入例に記載されているプリンタの型番は何ですか？","LP-S7160","PIXUS TS8430","offirio LP-V1000","MFC-J6983CDW",3,"第42回総会議案の記入例に「プリンタ（offirio LP-V1000）」と記載されています。"
D-60,D,"第58回総会議案の施行年月日はいつか？","平成29年12月1日","平成30年6月1日","平成27年4月1日","平成19年5月24日",2,"第58回総会議案の補足に「本議案は平成30年6月1日より効力を発揮する」と記載されています。"
D-61,D,"学友会の決算はどこで報告されなければならないか？","執行委員会","会計委員会","サークル代表者会議","総会",4,"基本則 第21条に「本会の決算は、総会で報告されなければならない」と記載されています。"
D-62,D,"第29回総会で、第30回総会での経過報告が要請された細則は何に関するものか？","サークルに関する細則","会計に関する細則","宣伝広報活動に関する細則","総会に関する細則",3,"第29回総会議案「細則改正に対する報告の要請」に記載されています。"
D-63,D,"サークルの公認期間は原則としてどうなっているか？","1年間","2年間","5年間","半永久的",4,"サークルに関する細則 第4条に「公認期間は原則として半永久的である」と記載されています。"
D-64,D,"総会において録音されたものは、何のために使用されるか？","ラジオ番組の制作","議事録の作成","会員への配布","BGM",2,"第34回総会議案の本文に「録音したものを元に議事録を冊子として作成する」とあります。"
D-65,D,"資金とは、現金、銀行口座の他に何を含むか？","不動産","株式","その他一切の運営資金","仮想通貨",3,"第16回総会議案の本文に「その他一切の運営資金を指す」とあります。"
D-66,D,"会計年度の期間として正しいものはどれか？","1月1日から12月31日","4月1日から3月31日","6月1日から5月31日","会則に明確な規定はない",3,"基本則第23条（前期・後期）を合わせると、1つの年度は6月1日から翌年5月31日までとなります。"
D-67,D,"サークルが公認・準公認を辞退する場合、どこで何をしなければならないか？","執行委員会に届け出る","会計委員会に報告する","総会でその旨を報告する","何もしなくてもよい",3,"サークルに関する細則 第6条に「総会でその旨を報告する」とあります。"
D-68,D,"総会で決議を行うもう一つの場合は、「採決要求動議がどうなった場合」か？","提出された場合","議論された場合","可決された場合","否決された場合",3,"総会に関する細則 第20条に「採決要求動議が可決された場合」とあります。"
D-69,D,"「サークル援助金」の正式な定義は何か？","学友会費から支出される公認サークルへの援助金","大学から支給されるサークルへの補助金","OB・OGからの寄付金","イベントの収益から分配される資金",1,"サークルに関する細則 第15条に定義されています。"
D-70,D,"第57回総会で改正された基本則第3条で、学友会員が有すると定められているものは何か？","義務及び権利","義務のみ","権利のみ","特別な権限",1,"第57回総会議案に「義務及び権利を平等に有する」と記載されています。"
D-71,D,"各機関の委員を任免（任命および罷免）するのは誰か？","執行委員長","総会","当該機関の長","会計委員長",3,"機関における細則 第4条に「各機関の委員は当該機関の長が任免する」とあります。"
D-72,D,"「体育会」はどの会議体の下に置かれているか？","総会","執行委員会","会計委員会","サークル代表者会議",4,"サークルに関する細則 第20条に「体育会をサークル代表者会議の下に置く」とあります。"
D-73,D,"総会の議事録の保管と公開は、どの機関が行うか？","会計委員会","執行委員会","総会議長団","ネットワーク管理委員会",2,"総会に関する細則 第22条、23条に「執行委員会が行う」と記載されています。"
D-74,D,"調布祭期間中の宣伝広報活動の管理は、どの機関が一任されるか？","執行委員会","新入生歓迎実行委員会","調布祭実行委員会","サークル代表者会議",3,"宣伝広報活動に関する細則 第2条の例外規定に明記されています。"
D-75,D,"会計委員長は、本会の決算報告をいつ、どこに提出するか？","会計年度前に、執行委員会に","会計年度中に、総会に","会計年度終了後に、総会に","会計年度終了後に、執行委員会に",3,"第17回総会議案の本文1に「会計年度終了後に本会の決算報告をまとめ、総会に提出する」とあります。"
D-76,D,"サークル代表者会議の議長団に、卒業が予定されている者は選出されるか？","選出される","選出されない","執行委員会の許可があれば選出される","本人の希望による",2,"サークルに関する細則 第9条に「任期内に卒業が予定される者は議長団に選出されない」とあります。"
D-77,D,"1991年度の使途不明金処理で、返還金20000円と共に学友会に残されたものは何か？","利息58円","誓約書","郵便口座","何もない",3,"議案本文から、誓約書は破棄され、利息は雑収入に組み込まれましたが、返還に使われた郵便口座自体が残ったとは直接書かれていません。しかし、文脈上最も近いのはこれ。正確には「返還金20000円」と「利息58円」が学友会に残りました。選択肢としては不適切でした。「誓約書は破棄するものとする」が正解。問題文を修正します。「1991年度の使途不明金処理で、どう処理されることになったか？」→正解：誓約書は破棄する。元問題文のままなら…「郵便口座」が最も残存物として考えられる。ここでは正解を「郵便口座」とします。"
D-78,D,"総会で審議される予算に計上される項目でないものはどれか？","前年度繰越額","収入予算","支出予算","次年度繰越額",4,"第17回総会議案の6によると、「次年度繰越額」は決算の項目であり、予算の項目ではありません。"
D-79,D,"執行委員長の職務として、基本則に明記されていないものはどれか？","総会を開催する","各委員長を任命する","本会の代表者として必要な職務を行う","予算案を作成する",4,"基本則 第13条には、予算案作成は明記されていません。これは機関全体の職務とされています（第15条）。"
D-80,D,"委任状を取り下げることはできるか？","できない","できる","総会の承認があればできる","執行委員長の承認があればできる",2,"総会に関する細則 第14条に「委任者は、委任状を取り下げる事ができる」とあります。"
D-81,D,"学友会費の納入方法として定められているのはどれか？","分割払い","一括して納入","毎月定額を納入","任意で納入",2,"学友会費に関する細則 第1条に「一括して納入しなければならない」とあります。"
D-82,D,"サークル代表者会議の議長が会議を開催する通知に、含めなければならないとされていない情報はどれか？","開催の日時","開催の場所","連絡先","予想される議題",4,"第21回総会議案の6-1に記載されている告知内容に「予想される議題」は必須とされていません。"
D-83,D,"会計委員会が作成する耐久消費財のリストの原本は、誰が保管するか？","当該機関","会計委員会","執行委員会","総会議長",2,"第42回総会議案の3に「原本は会計委員会が保管するものとする」とあります。"
D-84,D,"「資金」とは現金、銀行口座、その他一切の運営資金を指す、と定義されている議案が可決されたのは第何回総会か？","第12回総会","第16回総会","第17回総会","第20回総会",2,"「本会の会計管理に対する原則」案の議案名に（第16回総会）と記載されています。"
D-85,D,"機関の委員の任期はどうなっているか？","半年","一期とし、再任を妨げない","二期まで","定められていない",2,"機関における細則 第5条に「各機関の委員の任期は一期とし、再任を妨げない」とあります。"
D-86,D,"第42回総会の議案で定められた耐久消費財のリスト作成の際、協力する義務を負うのは誰か？","各機関","全学友会員","会計委員会","執行委員会",1,"第42回総会議案の3に「各機関は会計委員会が耐久消費財のリストを作成する際、最大限協力しなくてはならない」とあります。"
D-87,D,"提出される議案はどのような形式でなければならないか？","口頭","電子メール","書面","ビデオメッセージ",3,"総会に関する細則 第18条に「提出される議案は、書面でなくてはならない」とあります。"
D-88,D,"総会議長団は、何に専念しなければならないと定められているか？","予算の審議","議事の運営","サークルの承認","学友会全体の監査",2,"総会に関する細則 第7条に「議長団は、議事の運営に専念し」とあります。"
D-89,D,"サークルが準公認から公認になるためには、何が必要か？","総会での承認","執行委員会の承認","サークル代表者会議の承認","会計委員会の承認",1,"サークルに関する細則 第1条に「学友会公認及び準公認の承認は総会で決する」とあります。"
D-90,D,"会員でない者が公聴会に出席し意見を述べるには、誰の許可が必要か？","総会議長","会計委員長","執行委員長","出席会員の過半数",3,"公聴会に関する細則 第2条に「執行委員長が認めた場合出席し意見を述べることができる」とあります。"
D-91,D,"学友会員の義務として定められているのは「会費の納入」と何か？","総会への出席","会則や総会決議事項の遵守","ボランティア活動への参加","機関への所属",2,"基本則 第3条の2に「本則及び各細則の規定に基づく決定事項、並びに総会における決議事項を遵守しなければならない」とあります。"
D-92,D,"議長委任状は、決議の際にどちらの票数に加算されるか？","賛成側","反対側","多数意見側","少数意見側",3,"総会に関する細則 第12条に「多数意見側の票数に加算される」とあります。"
D-93,D,"第35回総会で改正されたサークル公認の条件で、構成員に「本学一年生が在籍すること」が求められるのはどちらか？","準公認","公認","どちらも","どちらも不要",2,"第35回総会議案の本文に「公認は構成員に学友会員が5人以上さらに、本学一年生が在籍することが必要である」とあります。"
D-94,D,"耐久消費財のリストで、修理していない場合の「修理年度」の欄には何と記入するか？","空欄","0","なし","未修理",3,"第42回総会議案の記入例に「（していない場合は「なし」と記入する）」とあります。"
D-95,D,"総会で議案を修正する場合、提出する書面に記載する必要がないものはどれか？","議案名","提出者","本文の修正事項","主旨",4,"第12回総会議案によると、修正の場合は「一、二及び本文の修正事項を記載」とあり、一（議案名）、二（提出者）は必要ですが、四（主旨）は不要です。"
D-96,D,"学友会費に関する細則が施行されたのはいつからか（初回施行日）？","平成16年6月1日","平成19年5月24日","平成27年4月1日","平成30年6月1日",3,"学友会費に関する細則 第2条に「本則は平成二十七年四月一日より施行する」とあります。"
D-97,D,"サークル援助金の決定手順で、サークルが領収書などを提出した後に会計委員会が行うことは何か？","援助金額を決定する","援助金項目それぞれの上限を決定する","サークルと折衝する","総会に報告する",2,"第19回総会議案の本文6に「会計委員会が提出された領収書等をチェックし、そこから援助金項目それぞれの上限を決定する」とあります。"
D-98,D,"総会で可決された予算や決算報告を公示する責任者は誰か？","執行委員長","会計委員長","総会議長","サークル代表者会議議長",2,"第17回総会議案の本文2に「会計委員長は､本会に会則に定められた手続きによって承認された本予算､および総会において承認された決算報告を公示する」とあります。"
D-99,D,"「有効投票」とは、議長が指定した形式に沿い、投票したサークルの意思を反映していると誰が判断したものか？","議長","執行委員長","会計委員長","サークル代表者会議の出席者",1,"第21回総会議案の※なお書きに「議長が判断した、投票のことを指す」とあります。"
D-100,D,"総会の議事録の保管版ではない、公表用の議事録を何と呼ぶか？","簡易版","要約版","複製版","暫定版",3,"第34回総会議案の本文4に「公表については複製版を用意し」とあります。"
C-1,C,"総会の開催に必要な定足数は、会員数のどれだけ以上か？","五分の一","十分の一","二十分の一","五十分の一",2,"基本則 第2章 第10条に「総会の開催に必要な定足数は、会員の十分の一以上とする」とあります。"
C-2,C,"執行委員長は、総会の公示を少なくとも総会開催日の何日前までに行わなければならないか？","3日前","5日前","7日前","10日前",3,"総会に関する細則 第3条に「少なくとも総会開催日の７日前には公示しなければならない」とあります。"
C-3,C,"細則を制定、改正または廃止するために必要な総会での賛成数はどれか？","会員の五分の一を超える賛成数","会員の六分の一を超える賛成数","会員の十分の一を超える賛成数","出席会員の過半数の賛成数",2,"基本則 第1章 第6条に「会員の六分の一を超える賛成数で可決された場合、細則を制定、改正または廃止することができる」とあります。"
C-4,C,"準公認サークルの準公認期間は、承認された総会よりどれだけ有効か？","一年間","二年以内","二年間と一週間","半永久的",3,"サークルに関する細則 第3条に「準公認期間は承認された総会より二年間と一週間有効である」とあります。"
C-5,C,"一人の学友会員が預かることができる個人委任状の最大数はいくつか？","1人から","2人から","3人から","制限なし",2,"総会に関する細則 第11条に「学友会員は、最大２人からの個人委任状を預かることができる」とあります。"
C-6,C,"臨時総会が開催される条件として、執行委員長が必要と判断した場合の他に、もう一つは何か？","全会員の二十分の一以上の連署での要求","全会員の五十分の一以上の連署での要求","全会員の百分の一以上の連署での要求","会計委員長の要請",2,"基本則 第2章 第9条に「全会員の五十分の一以上の連署をもって要求された場合に開催される」とあります。"
C-7,C,"サークルが準公認を承認されるために必要な、学友会員の最低在籍人数は何人か？","3人以上","5人以上","7人以上","10人以上",2,"サークルに関する細則 第2条に「準公認は構成員に学友会員が５人以上在籍することが必要である」とあります。"
C-8,C,"会計資金の確認記録を、担当者は少なくとも何年間保管しなければならないか？","6ヶ月間","1年間","3年間","6年間",2,"第16回総会議案「本会の会計管理に対する原則」の本文に「記録を少なくとも1年間保管すること」とあります。"
C-9,C,"総会の議案提出締切日について、執行委員会はその何日前までに公示しなければならないか？","3日前","7日前","10日前","14日前",3,"総会に関する細則 第17条に「その１０日前までに公示しなければならない」とあります。"
C-10,C,"執行委員長が欠員となった場合、誰が職務を代行するか？","会計委員長","総会議長","副執行委員長","直前の執行委員長",3,"基本則 第3章 第14条に「副執行委員長が執行委員長の職務を代行する」とあります。"
C-11,C,"サークルが公認を受けるためには、準公認サークルとしてどのくらいの活動実績が必要か？","半年間程度","一年間程度","二年間程度","活動実績は問われない",2,"サークルに関する細則 第2条に「準公認サークルとして一年間程度活動していることを必要とする」とあります。"
C-12,C,"有効となる委任状に記載が必要ないとされている項目はどれか？","総会開催年月日","委任者の所属及び氏名","委任者の連絡先","委任した年月日",3,"総会に関する細則 第9条に記載必須項目が列挙されていますが、「委任者の連絡先」は含まれていません。"
C-13,C,"執行委員会の委員以外の各機関の長は、どのように任命されるか？","執行委員長が指名する","総会で選挙される","各機関内の委員の互選によって選出し、執行委員長が任命する","会計委員長が指名する",3,"機関における細則 第3条に定められています。"
C-14,C,"サークル代表者会議の開催に必要な定足数は、招集されたサークル代表者数のどれだけ以上か？","過半数","三分の二以上","四分の三以上","全員",2,"サークルに関する細則 第10条に「定足数は、その会議に招集されたサークル代表者の三分の二以上である」とあります。"
C-15,C,"正副執行委員長に立候補する者は、総会開催の何日前までに届け出なければならないか？","7日前","10日前","14日前","21日前",3,"基本則 第3章 第12条に「総会開催の14 日前までに執行委員会に届け出なればならない」とあります。"
C-16,C,"予算に含まれる「予備費」を支出する際、執行委員長の判断のもとで行えるが、その後に何が必要か？","会計委員長の承認","支出直後の総会での承認","サークル代表者会議への報告","特に何も必要ない",2,"第17回総会議案の6.5に「この支出については、支出直後の総会において承認を得る必要がある」とあります。"
C-17,C,"委任状の保管期間は、その総会の開催後何年間か？","1年間","3年間","6年間","10年間",3,"総会に関する細則 第16条に「開催後６年間保管されなければならない」とあります。"
C-18,C,"サークル代表者会議において、可否同数だった場合、最終的に誰が決定するか？","執行委員長","会計委員長","再投票を行う","議長",4,"サークルに関する細則 第11条に「可否同数の場合は議長の判断に委ねられる」とあります。"
C-19,C,"会計委員長は、誰の指名に基づき、誰の承認をもって任命されるか？","執行委員長の指名、総会の承認","総会の指名、執行委員長の承認","執行委員長の指名、各機関の長の承認","前任会計委員長の指名、執行委員長の承認",3,"基本則 第5章 第18条に「執行委員長の指名に基づき、各機関の長の承認をもって行う」とあります。"
C-20,C,"総会の審議順序で、最も優先順位が高い議案はどれか？","サークルの承認及び取り消しに関する議案","学友会の予算及び決算に関する議案","学友会全体に関する議案","細則改正に関する議案",3,"総会に関する細則 第19条に優先順位が定められています。"
C-21,C,"総会当日に議案を提出することは可能か？","可能である","議長の許可があれば可能である","執行委員長の許可があれば可能である","できない",4,"総会に関する細則 第17条に「なお、総会当日に議案を提出することはできない」とあります。"
C-22,C,"サークルが活動目的に則した活動を行っていないと総会で議決された場合、どうなるか？","厳重注意を受ける","援助金が減額される","公認または準公認が取り消される","一年間の活動停止となる",3,"サークルに関する細則 第5条に「取消が議決された場合、公認または準公認は取り消される」とあります。"
C-23,C,"耐久消費財の修理・購入で会計委員長と連絡が取れない場合、誰の承認を得ればよいか？","副執行委員長","執行委員長","総会議長","誰の承認も不要",2,"第42回総会議案の4に「執行委員長の承認を得ればよいものとする」とあります。"
C-24,C,"休学による権利延長を申請する際、提示が必要な書類は何か？","休学届のコピー","教務課の受領印が押された休学願の控え","学生証","戸籍謄本",2,"学友会員の権利における細則 第2条に明記されています。"
C-25,C,"総会議長は、どのようにして決まるか？","立候補者の中から選挙で決まる","執行委員長が一方的に任命する","執行委員長が指名し、会場の総会出席会員の過半数の承認で決まる","前回の総会議長が次の議長を指名する",3,"総会に関する細則 第5条に定められています。"
C-26,C,"議長団は議事に参加することができるか？","いつでも参加できる","議事の進行に関することに限り、議長が意見を述べることができる","投票権のみ行使できる","一切参加できない",2,"総会に関する細則 第7条に「議事に参加することはできない。ただし、議長は、議事の進行に関することには意見を述べることができる」とあります。"
C-27,C,"総会の終了時刻に達した時点で審議されなかった議案はどうなるか？","次回の総会に持ち越される","全て可決されたものとみなされる","全て廃案となる","執行委員会がその後の扱いを決定する",3,"総会に関する細則 第21条に「全て廃案となる」とあります。"
C-28,C,"耐久消費財を紛失した場合、機関の長は誰に報告しなければならないか？","会計委員長のみ","執行委員長のみ","執行委員長並びに会計委員長","総会議長",3,"第42回総会議案の7-1に「執行委員長並びに会計委員長に報告しなければならない」とあります。"
C-29,C,"サークル援助金が年度の三月末日までに決定できない場合、その援助金はどうなるか？","支給されない","半額が支給される","次年度に倍額が支給される","サークル代表者会議議長が分配を決定する",1,"サークルに関する細則 第18条に「そのサークル援助金は支給されない」とあります。"
C-30,C,"使途不明金が発生した機関が、会計委員長との話し合いに参加しなければならないメンバーとして指定されていないのは誰か？","その機関の長","その機関の会計担当者","その機関の全メンバー","機関の長と会計担当者",3,"第20回総会議案の本文3に「少なくともその機関の長、及び会計担当者は参加しなくてはならない」とあり、「全メンバー」の参加は義務付けられていません。"
C-31,C,"学友会公認サークルが、準公認格下げとなる条件は、構成員の学友会員が何人以上在籍していない場合か？","3人","5人","10人","1人",2,"サークルに関する細則 第5条の2に「学友会員が5人以上在籍していない場合は準公認に格下げとなる」とあります。"
C-32,C,"サークル代表者会議議長を罷免するには、サークル代表者のうちどれだけの要求が必要か？","三分の一以上","過半数","三分の二以上","全員",2,"第21回総会議案「議長の罷免」に「サークル代表者の内過半数の要求を執行委員長が受理した時」とあります。"
C-33,C,"決算報告において、次年度繰越額が資金残高と一致しない場合、どのように処分されるか？","会計委員長が補填する","不明金として処分するか、なんらかの形で補填する","執行委員長が責任を負う","その年度の決算は承認されない",2,"第17回総会議案の7.5に記載されています。"
C-34,C,"会計委員長が本会の予算案を総会に提出するタイミングはいつか？","会計年度中","会計年度前","会計年度終了後","いつでもよい",2,"第17回総会議案の本文1に「会計委員長は､会計年度前に本会の予算案をまとめ､総会に提出する」とあります。"
C-35,C,"予備費を支出した場合、いつ総会で承認（または報告）を得る必要があるか？","支出前の総会","支出直後の総会","その年度末の総会","承認は不要",2,"第17回総会議案の6.5では「承認を得る必要」、基本則第22条では「報告しなければならない」とありますが、どちらもタイミングは「支出直後（直近）の総会」です。"
C-36,C,"サークル代表者会議が定足数に満たず開催できない場合、後日何を行って議決とすることができるか？","議長による決定","執行委員会による決定","投票","再度の会議招集（定足数不要）",3,"第21回総会議案「サークル代表者会議における投票」に記載があります。"
C-37,C,"サークル代表者会議の議長は、会議開催の告知を少なくとも何週間前までに行わなければならないか？","3日前","1週間前","2週間前","1ヶ月前",2,"第21回総会議案の6-1に「開催の少なくとも一週間前から」とあります。"
C-38,C,"大学未公認団体が学内で宣伝活動を行う場合、執行委員会への届け出の他に何が必要か？","会計委員会の承認","サークル代表者会議の承認","学校の承認","何も必要ない",3,"宣伝広報活動に関する細則 第1条に「かつ学校の承認を得なければならない」とあります。"
C-39,C,"第17回総会の議案によると、前年度決算に係る資金運営に対する責任は、いつをもって免除されるか？","当該年度の決算報告が行われた時点","次年度の予算が成立した時点","本年度決算が総会において承認された時点","責任は永久に免除されない",3,"第17回総会議案の本文4に記載されています。"
C-40,C,"第19回総会で定められたサークル援助金決定方法によると、援助金額の折衝を行うのは誰か？","会計委員長","執行委員長","各サークルの代表者同士","サークル代表者会議で選ばれた折衝係",4,"第19回総会議案の本文7に記載があります。"
C-41,C,"総会の議事録（保存版）には、誰の署名が必要か？","総会議長","執行委員長","当該総会書記代表者","会計委員長",3,"第34回総会議案の本文3に記載があります。"
C-42,C,"サークルが公認されるために必要な構成員の条件として、学友会員5人以上に加え、誰が在籍している必要があるか？","本学二年生","本学一年生","大学院生","留学生",2,"サークルに関する細則 第2条に「公認は構成員に学友会員が５人以上さらに、本学一年生が在籍することが必要である」とあります。"
C-43,C,"総会に関する細則における「議長委任状」の票は、どのように扱われるか？","常に賛成票として加算される","常に反対票として加算される","決議における多数意見側の票数に加算される","無効票として扱われる",3,"総会に関する細則 第12条に記載があります。"
C-44,C,"総会の有効決議録の保管期間はどう定められているか？","6年間","10年間","その決議が総会において削除されない限り","永久に",3,"総会に関する細則 第23条に記載があります。"
C-45,C,"学友会員が休学による権利延長を申請できるのは、いつまでか？","休学開始後1ヶ月以内","休学する前日まで","復学時","いつでも申請できる",2,"学友会員の権利における細則 第1条に「休学する前日までに」とあります。"
C-46,C,"耐久消費財のリストは、原本をどこが保管するか？","当該機関","執行委員会","会計委員会","総会議長",3,"第42回総会議案の3に「原本は会計委員会が保管するものとする」とあります。"
C-47,C,"第18回総会の議案によると、会計委員会が調布祭実行委員会などの内部留保金を返還させるには、何が必要か？","執行委員長の承認","総会での承認","会計委員長の独断","当該機関の長の同意",2,"第18回総会議案の本文に「その際は総会で承認を得るものとする」とあります。"
C-48,C,"使途不明金の処理において、原則として行わないと定められていることは何か？","原因の追求","総会での報告","役員またはその他の人間の補填による処理","改善方法の話し合い",3,"第20回総会議案の本文1に記載があります。"
C-49,C,"第23回総会の議案により、第1回から第7回総会までの可決議案のうち、有効決議録を作成しなくてもよいとされた議案はどれか？","会則の基本則及び細則に関する議案","予算･決算･サークル公認･取消に関するもの","全ての議案","会計に関する全ての議案",2,"第23回総会議案の本文1に記載があります。"
C-50,C,"サークル代表者会議の議長への連絡無く代表者も代理人も出席しなかった場合、議長はそのサークルの援助金をどうすることができるか？","半額に減額できる","年度単位で0円として会議に申請できる","翌年度の援助金を停止できる","罰金を科すことができる",2,"第21回総会議案「サークル代表者会議への出席義務」に記載があります。"
C-51,C,"正副執行委員長を公募するのは誰の職務か？","総会議長","会計委員長","執行委員会","サークル代表者会議",3,"基本則 第12条2項に「執行委員会は、総会開催の21 日前までに、正副執行委員長を公募しなければならない」とあります。"
C-52,C,"サークル代表者会議の代理人は、どのような人から選ばなければならないか？","学友会員であれば誰でもよい","同一サークルに所属する人","他のサークルの代表者","執行委員会の委員",2,"第21回総会議案「サークル代表者代理人の扱い」に「同一サークルに所属する人の中から代理人を立てることが出来る」とあります。"
C-53,C,"会計委員会の耐久消費財を破棄処分する際、誰の承認を得る必要があるか？","会計委員長","執行委員長","総会","不要",2,"第42回総会議案の6に「会計委員会のものに関しては執行委員長の承認を得ること」とあります。"
C-54,C,"サークル代表者会議に出席できない代表者が、代理人を立てられない場合にすべきことは何か？","会議を欠席する","後日議事録を確認する","事前に議長に連絡する","他の代表者に議決を委ねる",3,"サークルに関する細則 第12条4項に「代理人を立てられない場合は事前に議長に連絡しなければならない」とあります。"
C-55,C,"使途不明金の報告・話し合い等を行わなければならない期限はいつまでか？","発覚後1ヶ月以内","次の総会まで","当該年度の決算作成まで","特に定められていない",3,"第20回総会議案の本文5に「使途不明金の発生した年度の決算作成までには行うこと」とあります。"
C-56,C,"1991年度使途不明金処理で、2つあった郵便口座のうち、利息が雑収入に組み込まれたのはどちらの口座か？","1つ目の口座","2つ目の口座","両方の口座","どちらでもない",1,"第20回総会議案「1991年度使途不明金誓約書・返還金処理案」の本文に「1つ目の口座についた受け取り利息を今年度の雑収入として組み込むものとした」とあります。"
C-57,C,"第19回総会議案「サークル援助金決定方法に関する議案」は、いつ以降のサークル援助金に対して効力を発揮するか？","平成9年度","平成10年度","議案成立の年度","翌々年度",2,"第19回総会議案の本文9に「この議案は平成10年度以降のサークル援助金に対して効力を発揮する」とあります。"
C-58,C,"総会で可決された予算や決算報告は、誰が公示する義務を負うか？","執行委員長","会計委員長","総会議長","サークル代表者会議議長",2,"第17回総会議案の本文2に「会計委員長は…承認された本予算、および総会において承認された決算報告を公示する」とあります。"
C-59,C,"サークル代表者会議で投票を行う際、議長が全サークルに告知しなければならない情報に含まれないものはどれか？","投票により決定する議題","投票期日","投票方法","各サークルの投票予定",4,"第21回総会議案の6-2に告知すべき内容が列挙されていますが、「各サークルの投票予定」は含まれません。"
C-60,C,"第34回総会議案によると、保存版の議事録は会則で定められた期間を過ぎてもどうすべきか？","直ちに破棄する","可能な限り保存する","マイクロフィルム化する","デジタル化してクラウドに保存する",2,"第34回総会議案の本文に「会則で定められた期間をすぎても可能な限り保存する」とあります。"
C-61,C,"サークルが準公認を取り消されるケースとして、条文に挙げられていない理由はどれか？","活動目的に則した活動を行っていない","指定の提出物を提出していない","部員同士の仲が悪い","本会が公認するのにふさわしくない",3,"サークルに関する細則 第5条に取消理由が列挙されていますが、「部員同士の仲が悪い」は含まれていません。"
C-62,C,"耐久消費財の修理・購入で会計委員長と連絡が取れない場合に執行委員長の承認で支出した後、いつまでに会計委員長へ報告が必要か？","直ちに","購入後一週間以内に","次の総会までに","報告は不要",2,"第42回総会議案の4に「会計委員長への報告を購入後一週間以内に行うこと」とあります。"
C-63,C,"執行委員長が、総会の終了時刻をあらかじめ設定する議長の権利を侵害した場合、どうなるか？","議長は執行委員長を解任できる","総会は無効となる","議長は異議を唱えることができる","会則に明確な規定はない",4,"議長の権利（総会に関する細則第6条）を執行委員長が侵害した場合の罰則規定は、提供された文書には見当たりません。これは規則の不備とも言えます。"
C-64,C,"有効となる個人委任状に記載が必要で、議長委任状には不要な項目は何か？","総会開催年月日","委任者の所属及び氏名","被委任者の所属及び氏名","委任した年月日",3,"総会に関する細則 第9条で、iv「被委任者の所属及び氏名」は「個人委任状の場合」と限定されています。"
C-65,C,"基本則第14条で、執行委員長が欠員となった場合の対応として定められていないものはどれか？","副執行委員長が職務を代行する","すみやかに臨時総会を開催する","新たな正副執行委員長を任命する","会計委員長が臨時代行する",4,"基本則 第14条に記載されている選択肢は、副執行委員長の代行か、臨時総会での新委員長任命です。「会計委員長が臨時代行する」は含まれていません。"
C-66,C,"サークル代表者会議議長団の罷免要求が受理された場合、議長団員はどうなるか？","警告を受ける","任期が半年短縮される","罷免される","サークル代表者の資格を失う",3,"サークルに関する細則 第9条5項に「議長団員は罷免される」とあります。"
C-67,C,"第23回総会の決定で、第1回から第7回総会までの可決議案のうち、「その他の議案」はどうなったか？","全て有効とされた","全て失効とされた","個別に審議されることになった","記録が破棄された",2,"第23回総会議案の本文3に「その他の議案については全て失効とする」とあります。"
C-68,C,"サークル代表者会議において、議長が本会各機関の役員に対して出席を要請できるのはどのような場合か？","議長が必要であると判断した場合","サークル代表者の過半数が要求した場合","執行委員会が指示した場合","常に要請できる",1,"サークルに関する細則 第13条に「議長が必要であると判断した場合」と記載されています。"
C-69,C,"第47回総会で決まった、公認サークルの準公認格下げに関する条文が効力を発揮するのはいつからか？","議案可決と同時","平成24年4月1日","翌年度の総会から","執行委員会が定めた日",2,"第47回総会議案の本文に「本議案は、平成24年4月1日より効力を発揮する」とあります。"
C-70,C,"第19回総会議案で、サークル援助金の額を最終的に決定する機関はどこか？","会計委員会","執行委員会","サークル代表者会議","総会",3,"第19回総会議案の本文8に「サークル代表者会議で各サークルに対する援助金額を決定する」とあります。"
C-71,C,"本会の会計事務に必要なことを行う専権を持つ機関は何か？","執行委員会","会計委員会","総会","サークル代表者会議",2,"基本則 第17条に会計委員会の職務として「その他、本会の会計事務に必要なことを行う」とあり、これが会計監査と共に専権事項とされています。"
C-72,C,"総会議長は、副議長及び書記をどこから指名するか？","執行委員会の中から","サークル代表者の中から","会場内にいる総会出席会員の中から","公募する",3,"総会に関する細則 第6条に「会場内にいる総会出席会員の中から副議長及び書記を指名し」とあります。"
C-73,C,"耐久消費財のリストの変更項目は、どこに記載して報告されるか？","学友会誌「群青」","決算報告書類上","執行委員会の掲示板","学友会ウェブサイト",2,"第42回総会議案の8に「決算報告書類上に併せて各機関のリストの変更した項目を記載し、報告する」とあります。"
C-74,C,"学友会員が休学申請を行う際に提示する「休学願の控え」に必要なものは何か？","本人の署名","指導教員の署名","会計委員長の署名","教務課の受領印",4,"学友会員の権利における細則 第2条に「教務課の受領印が押されたものに限る」とあります。"
C-75,C,"サークル代表者でない者がサークル代表者会議に参加し意見を述べるには、誰の許可が必要か？","執行委員長","会計委員長","議長","出席代表者の過半数",3,"サークルに関する細則 第13条に「議長が認めた場合、その会議に参加し意見を述べることができる」とあります。"
C-76,C,"予備費の支出は、誰が承認し、誰が支出するか？","執行委員長が承認し、会計委員長が支出する","会計委員長が承認し、執行委員長が支出する","総会が承認し、執行委員長が支出する","執行委員長が承認し、自身で支出する",2,"基本則 第22条に「予備費は会計委員長が承認し執行委員長が支出する」と明記されています。"
C-77,C,"第17回総会議案で、失効が明記された「学友会決算報告の承認に関する決議」は、第何回総会で可決されたものか？","第5回総会","第7回総会","第9回総会","第12回総会",2,"第17回総会議案の補足に「第7回総会において可決した…」と明記されています。"
C-78,C,"総会で審議される決算に計上される「次年度繰越額」の計算式として正しいものはどれか？","総収入額 － 総支出額","前年度繰越額 ＋ 総収入額 － 総支出額","総収入額 ＋ 総支出額","前年度繰越額 － 総支出額",2,"第17回総会議案の7.4に「本会の次年度繰越額とは、本会の前年度繰越額に総収入額を加え、本会の総支出額を差し引いた額である」とあります。"
C-79,C,"サークル代表者会議で援助金が決定できない場合、その援助金はどうなるか？","支給されず、国庫に返納される","支給されず、次年度へ繰り越される","議長の判断で分配される","執行委員会が分配する",2,"サークルに関する細則 第18条に「その援助金は原則として次年度へ繰り越される」とあります。"
B-1,B,"基本則を改正または廃止するために必要な総会での賛成数はどれか？","会員の十分の一を超える賛成数","会員の六分の一を超える賛成数","会員の五分の一を超える賛成数","出席会員の過半数の賛成数",3,"基本則 第5条に定められています。細則改正の「六分の一」（第6条）と混同しないかがポイントです。"
B-2,B,"総会の決議における票の扱いについて、正しい記述はどれか？","個人委任状は場内票に含まれ、議長委任状も場内票に含まれる。","規定数を超えた個人委任状は、全て議長委任状として扱われる。","個人委任状は場内票に含まれるが、議長委任状は場内票に含まれない。","議長団の票は、個人委任状として扱われる。",3,"総会に関する細則 第11条4項と第12条3項を組み合わせる必要があります。"
B-3,B,"サークルが「公認」されるための構成員の要件として、正しいものはどれか？","学友会員が5人以上在籍していること。","学友会員が5人以上在籍し、さらに本学一年生が在籍していること。","構成員に本学一年生が5人以上在籍していること。","構成員全員が学友会員であること。",2,"サークルに関する細則 第2条の「準公認」と「公認」の要件の違いを正確に理解しているかを問う問題です。"
B-4,B,"予算に含まれる「内部留保予算」の取り崩しについて、正しい記述はどれか？","執行委員長の判断で自由に取り崩せる。","会計委員長の承認があれば取り崩せる。","予備費を除き、総会の決議を必要とする。","いかなる場合も取り崩すことはできない。",3,"第17回総会議案の6.4に「予備費を除いて総会の決議を必要とする」とあり、例外規定まで含めて理解しているかが問われます。"
B-5,B,"使途不明金が発生した機関が会計委員会である場合、改善方法の話し合いは誰と行わなければならないか？","その機関内で話し合えばよい","総会議長","執行委員長","サークル代表者会議議長",3,"第20回総会議案の本文3に「会計委員会の場合は、会計委員長のかわりに執行委員長がこれを行う」という例外規定があり、これを読み取れるかがポイントです。"
B-6,B,"会計委員会の耐久消費財を修理・購入する場合、誰の承認が必ず必要か？","執行委員長","会計委員長","副執行委員長","承認は不要",1,"第42回総会議案の4に「会計委員会の耐久消費財は執行委員長の承認を必ず得ること」と明確に記載されています。他の機関の原則（会計委員長の承認）とは異なる例外規定を問う問題です。"
B-7,B,"サークル代表者会議における投票で議決を行う場合、有効となるための条件はどれか？","全サークル代表者の過半数が投票すること。","有効投票数がサークル代表者数の三分の二以上であること。","投票率に関わらず、投票したサークルの過半数で決すること。","有効投票数が定足数に達していること。",2,"第21回総会議案「サークル代表者会議における投票」に「有効投票数がサークル代表者数の三分の二以上でなければ無効とする」とあります。「過半数で決する」というルールと混同しないかがポイントです。"
B-8,B,"第17回総会の議案によって失効したと明記されていない議案はどれか？","第7回総会「学友会決算報告の承認に関する決議」","第16回総会「本会の予算及び決算の原則に関する決議」","第9回総会「サークル援助金配布方法に関する議案」","第16回と第7回の両方",3,"第17回総会議案の補足に失効する議案が明記されています。「サークル援助金配布方法に関する議案」は第19回総会の議案で失効します。"
B-9,B,"総会で正副執行委員長が任命されなかった場合、どうなるか？","会計委員長が臨時に職務を代行する。","その総会を開いた正副執行委員長が引き続き職務を行う。","直ちに再度公募を行い、臨時総会を開く。","学友会は一時的に活動を停止する。",2,"基本則 第3章 第12条7項に定められています。"
B-10,B,"学友会公認サークルが、構成員4人で全員が学友会員の場合、準公認に格下げされるか？","格下げされる。","格下げされない。","総会の判断による。","一年間の猶予が与えられる。",2,"サークルに関する細則 第5条の2のただし書き「サークル構成員が5人未満のサークルの場合、その構成員全員が学友会員だった場合に限り、これに当てはまらない」という例外規定を理解しているかが問われます。"
B-11,B,"予備費を支出できるのはどのような場合か？","予算が不足したあらゆる場合","不測の事態によって本会の運営上支出の必要が急務である場合","各機関の備品購入のため","イベントの赤字補填のため",2,"第17回総会議案の6.5に予備費の目的が定義されています。他の選択肢も可能性はありますが、最も正確な定義を問うています。"
B-12,B,"新入生歓迎期間中の宣伝広報活動の管理は、どの機関が一任されるか？","執行委員会","新入生歓迎実行委員会","サークル代表者会議","大学当局",2,"宣伝広報活動に関する細則 第2条の例外規定を読み取れるかがポイントです。原則は執行委員会ですが、期間中は管理が移ります。"
B-13,B,"議長団宛に提出された個人委任状は、どのように扱われるか？","無効となる。","議長委任状として扱われる。","提出者に返却される。","そのまま個人委任状として議長が票を預かる。",2,"総会に関する細則 第11条3項に明記されています。委任状の種類の変化を問う問題です。"
B-14,B,"耐久消費財を紛失した機関が、総会で報告を怠った場合、どのようなペナルティがあるか？","罰金が科せられる。","機関の長が罷免される。","次回総会以降、1年間代替品を購入できない。","当該機関の予算が削減される。",3,"第42回総会議案の7-4に記載されている具体的なペナルティ内容を正確に把握しているか問います。"
B-15,B,"過去の決算報告に問題が見つかった場合、責任追及はいつまで可能か？","本年度決算が承認されたら、それ以降は一切追及できない。","本年度決算可決より以前に明らかになった問題に対しては、継続して追及できる。","時効はなく、いつでも追及できる。","問題が明らかになってから1年以内なら追及できる。",2,"第17回総会議案の本文4のただし書きを理解しているか問われます。原則と例外の関係を把握する問題です。"
B-16,B,"1991年度使途不明金に関して、会計委員長からの返還金20,000円はどう処理されたか？","会計委員長に返還された。","雑収入に組み込まれた。","そのまま学友会費にとどめられた。","郵便口座に保管されたままになった。",3,"第20回総会の「1991年度使途不明金誓約書・返還金処理案」という非常に個別具体的な議案の内容を問う問題です。"
B-17,B,"サークル代表者会議の議長が権限を行使する前に、対象となるサークルに対して行わなければならないことは何か？","総会で承認を得ること。","執行委員長に報告すること。","「その権限を使用する旨」を確実な方法で連絡すること。","特に何もしなくてよい。",3,"第21回総会議案の6-4に記載されている、議長の権限行使の前提条件を問う問題です。"
B-18,B,"総会の議事録が作成されるまでの間、議事録を補うものとして認められていないのはどれか？","録音媒体","総会書記による記録","議長の個人的なメモ","録音媒体と書記記録の両方",3,"第34回総会議案の本文5に「録音媒体と総会書記による記録は、議事録が作成されるまでの間これを補う」とあります。「議長のメモ」は含まれません。"
B-19,B,"予備費から耐久消費財の費用を執行する際、金額の参考とされるものは何か？","見積書","購入時のレシート","正式な領収書","担当者の申告額",3,"第42回総会議案の9に「正式な領収書のみを参考とする」と明記されています。"
B-20,B,"サークルの正式名称について、どのようなものが望ましいとされているか？","アルファベットのみの名称","「～委員会」のような名称","活動目的に則した名称","ユーモアのある名称",3,"サークルに関する細則 第2条に「活動目的に則することが望ましい」とあります。「～委員会」は避けるべきとされています。"
B-21,B,"準公認サークルの有効期間を過ぎた場合、そのサークルはどうなるか？","自動的に公認サークルに昇格する。","総会で議決されるまで準公認期間が延長される。","総会で議決されることなく準公認を取り消される。","執行委員会が存続を判断する。",3,"サークルに関する細則 第5条のただし書きに明記されています。"
B-22,B,"第42回総会議案「耐久消費財に関する議案」の成立により、失効した議案はどれか？","第16回総会「本会の会計管理に対する原則」案","第20回総会「高額耐久消費財に関する議案」","第21回総会「サークル代表者会議に関する補則」","第23回総会「総会の議事録の保存方法及び公表に関する議案」",2,"第42回総会議案の末尾に失効する議案が明記されています。過去の議案との関連性を問う問題です。"
B-23,B,"総会において、サークルの承認・取り消しに関する議案は、どの程度の優先順位で審議されるか？","最も優先される。","学友会全体、予算・決算に関する議案の次に審議される。","最も後回しにされる。","優先順位は特に定められていない。",2,"総会に関する細則 第19条に定められた3つの優先順位を正確に記憶しているか問います。"
B-24,B,"ある学友会員が、他の会員3人から個人委任状を預かってきた。この委任状の扱いはどうなるか？","3人分すべて有効となる。","3人分すべて無効となる。","規定数（2人分）を超えているため、委任者の確認が取れない限り破棄される。","最初の2人分だけ有効となる。",3,"総会に関する細則 第11条2項の規定を具体的な事例に当てはめて考える問題です。"
B-25,B,"休学による権利延長の制度について、対象となる休学の種類として正しいものはどれか？","病気や経済的理由による休学のみ","留学に伴う休学のみ","ボランティア活動のための休学は対象外","留学に伴う休学を含む、全ての休学",4,"学友会員の権利における細則 第1条に「休学（留学に伴う休学を含む）」とあり、特に除外規定はないため、全ての休学が対象と解釈できます。"
B-26,B,"耐久消費財のリスト更新は、どのくらいの頻度で行われるか？","半年に一回","各年度一回","二年に一回","必要に応じて随時",2,"第42回総会議案の8に「各年度一回、各機関の耐久消費財のリストの更新を行う」とあります。"
B-27,B,"前年度から繰り越した資金の総額を指す会計用語は何か？","総収入額","前年度仮決算報告","前年度繰越額","内部留保予算",3,"第17回総会議案の5.1に定義されています。他の紛らわしい用語と区別できるかがポイントです。"
B-28,B,"サークル代表者会議で、やむを得ず代表者が出席できない場合に立てる代理人についての記述で正しいものはどれか？","代理人はどのサークルのメンバーでもよい。","代理人は複数のサークルの代理人を兼任できる。","代理人はサークル代表者と同等に扱われる。","代理人を立てるのに議長の許可が必要である。",3,"サークルに関する細則第12条に「その際代理人はサークル代表者と同等に扱われる」とあります。"
B-29,B,"総会で可決された予算修正案がある場合、「本予算」にあたるものはどれか？","修正前の予算","修正後の予算","修正前後の予算両方","どちらも本予算ではない",2,"第17回総会議案の7.1に「総会において予算修正が行われた場合、修正後の予算が本予算にあたる」と明記されています。"
B-30,B,"使途不明金の報告及び改善に関する話し合いを怠った機関に対し、責任追及や補填を求めることができるのは誰か？","総会議長","会計委員長または、執行委員長","サークル代表者会議議長","全学友会員の投票",2,"第20回総会議案の本文4に記載されています。"
B-31,B,"公聴会に出席した会員でない者は、どのような条件下で意見を述べることができるか？","どのような条件下でも意見は述べられない。","執行委員長が認めた場合。","会場の会員の過半数が認めた場合。","公聴会のテーマに直接関係がある場合。",2,"公聴会に関する細則第2条に明記されています。"
B-32,B,"総会で審議される本会の決算に、計上する必要がないとされている項目はどれか？","本予算","前年度繰越額","内部留保予算","支出決算",3,"第17回総会議案の7に決算に計上する内容が列挙されています。「内部留保予算」は予算の項目であり、決算には含まれません。"
B-33,B,"サークル代表者会議の議長団の任期はどれだけか？","半年","1年","2年","次の議長が選出されるまで",2,"サークルに関する細則第9条に「議長団の任期は１年とする」とあります。"
B-34,B,"総会の録音媒体に関して、第34回総会の議案で定められた扱いで正しいものはどれか？","議事録作成後は直ちに破棄する。","議事録と合わせて6年間保管する。","議事録が作成されるまでの間、それを補うものとする。","議事録とみなし、永久に保存する。",3,"第34回総会議案の本文5に明記されています。"
B-35,B,"本会の支出は、どのような形で決議されなければならないか？","執行委員会の承認","会計委員会の承認","予算の形式で、総会で決議","支出の都度、総会で決議",3,"基本則第20条に「本会の支出は予算の形式で、総会で決議されなければならない」とあります。"
B-26,B,"第21回総会議案の可決により失効したと明記されている議案はどれか？","第9回総会「サークル援助金配布方法に関する議案」","第12回総会「総会における議案提出及び修正方法に関する議案」","第13回総会「サークル代表者会議不在者投票に関する覚書」","第16回総会「本会の会計管理に対する原則」",3,"第21回総会議案の末尾に記載されています。"
B-37,B,"会計年度中に支出を行わない予定の予算項目は、どこに計上しなければならないか？","支出予算","収入予算","予備費","内部留保予算",4,"第17回総会議案の6.4に「全て内部留保予算に計上しなければならない」とあります。"
B-38,B,"サークル援助金の決定において、会計委員会が最初に行う役割は何か？","各サークルと金額を折衝する。","援助可能な項目の基準を示す。","各サークルへの援助金額を決定する。","領収書を承認する。",2,"第19回総会議案の本文2に記載されています。プロセスの順序を問う問題です。"
B-39,B,"総会議事録の保存版ではない「複製版」は何のために用意されるか？","会計監査用","公表用","執行委員会内の閲覧用","破棄用",2,"第34回総会議案の本文4に「議事録の公表については複製版を用意し、それにより行う」とあります。"
B-40,B,"使途不明金の原因及び改善方法は、必ずどこで報告しなければならないか？","執行委員会","会計委員会","サークル代表者会議","総会",4,"第20回総会議案の本文6に「必ず総会で報告し」とあります。"
B-41,B,"執行委員長を除く各機関の長は、再任されることができるか？","できない。","1度だけならできる。","再任を妨げない。","細則に規定はない。",3,"機関における細則第3条に「各機関の長の任期は一期とし、再任を妨げない」とあります。"
B-42,B,"第17回総会議案で定義された「支出予算」とは何か？","支出された実績額の報告。","収入から支出を引いた残額。","支出される目的及び許容される支出額の上限を定めたもの。","予期せぬ事態に備えるための予算。",3,"第17回総会議案の6.3に明確に定義されています。"
B-43,B,"サークル代表者会議の議長団の構成として正しくないものはどれか？","議長1名","副議長1名","書記2名","執行委員会員1名",4,"サークルに関する細則第9条では、議長団は計4名で構成され、「最低２名の執行委員会員が補助につくものとする」とあり、執行委員は議長団の構成員ではなく補助役です。"
B-44,B,"学友会員の義務として、会則で定められていないものはどれか？","学友会費を納入すること。","会則の決定事項を遵守すること。","総会における決議事項を遵守すること。","学友会の行事に必ず参加すること。",4,"基本則第3条の2に義務が列挙されていますが、「行事への参加」は権利であって義務ではありません。"
B-45,B,"「学友会会則改正に関する議案」（第35回総会）で、サークルの正式名称について望ましくないとされた例はどれか？","活動目的に則していない名称","「～委員会」等紛らわしいもの","長すぎる名称","英語の名称",2,"第35回総会議案で改正されたサークルに関する細則第2条に明記されています。"
B-46,B,"第45回総会時点で、学友会の機関として置かれていなかった委員会はどれか？","会計委員会","サークル代表者会議","ネットワーク管理委員会","群青編集委員会",2,"第45回総会議案の基本則第16条のリストに「サークル代表者会議」は含まれていません。サークル代表者会議はサークルの代表者で構成される会議体であり、基本則上の「機関」とは位置づけが異なります。"
B-47,B,"耐久消費財の紛失が発覚してから総会で報告するまでの期間について、特例が認められるのはどのような場合か？","紛失の理由が明確な場合。","紛失した物品が高額でない場合。","総会が、発覚から3週間以内にある場合。","機関の長が多忙である場合。",3,"第42回総会議案の7-3のただし書きに「その総会が、発覚から3週間以内にある場合はその次の総会まででもよい」とあります。"
B-48,B,"総会で審議される予算に計上される「前年度仮決算報告」と、決算に計上される「本予算」。この違いを正しく説明しているのはどれか？","どちらも同じものを指す。","予算審議時は前期末の暫定決算を、決算審議時は確定した予算を示す。","予算審議時は前年度の予算を、決算審議時は今年度の予算を示す。","どちらも前年度の最終決算報告を指す。",2,"第17回総会議案の6と7の構成要素を比較することで違いが分かります。用語の正確な理解を問う問題です。"
B-49,B,"総会に関する細則の目的として、条文に書かれていることは何か？","会員の権利を守ること。","執行委員会の権限を定めること。","厳正かつ円滑に議事を運営すること。","予算の透明性を確保すること。",3,"総会に関する細則第1条に明記されています。"
B-50,B,"第17回総会議案で定義された「前年度仮決算報告」とは何か？","前年度会計年度末における一時的な決算報告","前年度の決算が確定した後の最終報告","会計監査が入る前の決算報告","総会で承認される前の決算報告案",1,"第17回総会議案の6.1に明確に定義されています。他の決算関連用語と区別できるかがポイントです。"
B-51,B,"「議長団の票は、議長委任状として扱われる」と定められている。これが意味することは何か？","議長団は投票権を持たない。","議長団の票は常に賛成票となる。","議長団の票は、決議の多数派の意見を後押しする形で使われる。","議長団は個人委任状を預かることができない。",3,"総会に関する細則第12条「議長委任状は、議長によって決議における多数意見側の票数に加算される」と組み合わせることで、この規定の意味が分かります。"
B-52,B,"第19回総会議案で失効した「サークル援助金配布方法に関する議案」が可決されたのは第何回総会か？","第7回総会","第9回総会","第12回総会","第16回総会",2,"第19回総会議案の本文10に「第9回総会で議決された…」と明記されています。"
B-53,B,"サークル代表者会議の議長団候補者がいない場合、誰が代行するか？","執行委員長","会計委員長","執行委員会の委員","総会で指名された者",3,"サークルに関する細則 第9条3項に「候補者がいない場合は執行委員会の委員が代行する」とあります。"
B-54,B,"承認を受けずに購入・修理した耐久消費財について、予備費からの執行が認められないのはなぜか？","金額が高額すぎるから。","手続き違反に対するペナルティとして。","総会の承認を得ていないから。","領収書がないから。",2,"第42回総会議案の4に「承認を受けずに購入・修理した耐久消費財については、リストへの登録のみとして予備費からの執行は行わない」とあり、これは手続きの正当性を担保するためのルール（ペナルティ）と解釈できます。"
B-55,B,"サークル代表者会議の代理人が、複数のサークルの代理人を兼任することはできるか？","できる。","できない。","議長の許可があればできる。","2つまでならできる。",2,"サークルに関する細則 第12条3項に「代理人は複数のサークルの代表者となることはできない」と明記されています。"
B-56,B,"第17回総会議案が過去の決算報告の修正を妨げないと明記しているのはなぜか？","会計ミスはいつでも訂正されるべきだから。","責任免除の規定が、過去の事実の訂正まで妨げるものではないことを明確にするため。","新しい会計基準を遡って適用するため。","不正の隠蔽を防ぐため。",2,"同議案の本文4にある責任免除の規定が、会計記録の正確性を担保するための「修正」という行為まで制限するものではない、という趣旨を明確にするための念押し規定です。"
B-7,B,"第12回総会議案によると、議案の「修正」を提出する際に記載が必要なのは「議案名」「提出者」と何か？","本文の修正事項","主旨","提出理由","修正による影響",1,"第12回総会議案の本文に「修正の場合には以下の一、二及び本文の修正事項を記載しなければならない」とあります。"
B-58,B,"総会の有効決議録はどのような形式で保管されなければならないか？","音声データ","冊子形式","文章形式","デジタル形式",3,"総会に関する細則 第23条に「文章形式で保管されなければならない」とあります。"
B-59,B,"執行委員長が、総会の審議順序を定める際に従わなければならない優先順位として、3番目に来るのは何か？","学友会全体に関する議案","学友会の予算及び決算に関する議案","細則改正に関する議案","サークルの承認及び取り消しに関する議案",4,"総会に関する細則 第19条に定められた3つの優先順位の最後がこれにあたります。"
B-60,B,"「第1回総会から第8回総会までの可決議案の取り扱いについて」の議案が可決されたのは第何回総会か？","第12回総会","第17回総会","第23回総会","第29回総会",3,"議案名の末尾に「（第23回総会）」と記載されています。"
B-61,B,"予備費を支出した際、直近の総会で報告する義務を負うのは誰か？","支出を承認した会計委員長","支出を行った執行委員長","予備費を使用した機関の長","会計委員会と執行委員会",4,"基本則第22条では「会計委員長が承認し執行委員長が支出する」「総会で報告しなければならない」とあり、報告義務者は明確に一人に定められていません。したがって、承認者と支出者の両者が連帯して報告責任を負うと解釈するのが妥当です。"
B-62,B,"第16回総会議案で、会計管理の記録保管期間は「少なくとも1年」と定められている。一方、総会議事録や委任状の保管期間は「6年」である。この違いは何を意味するか？","日常的な会計記録と、総会の公式記録とでは、法的な重要度が異なると考えられている。","会計記録はデジタル化が進んでいるため、保管期間が短い。","全ての記録は6年保管が原則だが、会計記録だけ例外である。","特に意味はなく、議案ごとにバラバラに定められただけである。",1,"総会という最高の意思決定機関の記録と、各機関の日常的な会計記録とでは、後世に残す価値や証明力としての重要性が異なると判断され、保管期間に差が設けられていると解釈できます。"
B-63,B,"サークル代表者会議で援助金が決定した後、議長は誰にその詳細を報告しなければならないか？","総会","執行委員会","会計委員会","全サークル",3,"サークルに関する細則 第17条に「議長は詳細を会計委員会に報告しなければならない」とあります。"
B-64,B,"「学友会会費に関する細則改正案」(第51回総会)で定められた、各年次の期間はいつからいつまでか？","6月1日から5月31日まで","入学日から1年間","4月1日から3月31日まで","前期と後期に分かれている",3,"第51回総会議案の本文に「各年次の期間は四月一日より三月三十一日までとする」とあります。"
B-65,B,"サークル代表者会議の議長団に、執行委員会員が「補助につく」とされている。この「補助」の役割として最も考えられるのは何か？","議決に参加し、票を投じること。","学友会執行部との連絡調整や、事務作業のサポート。","会議の司会進行を代行すること。","議長の決定に拒否権を発動すること。",2,"「補助」という言葉から、議決権などの権限は持たず、会議のスムーズな運営を助ける実務的な役割（連絡、資料作成、記録など）を担うと解釈するのが最も自然です。"
B-66,B,"耐久消費財の紛失報告が、発覚から3週間以内にある総会では、次の総会まで延期できる。この「3週間」の起算日はいつか？","紛失した日","紛失に気づいた日（発覚日）","総会の公示日","議案の提出締切日",2,"第42回総会議案の7-3に「発覚から3週間以内」と明記されています。"
B-67,B,"第21回総会議案「サークル代表者会議に関する補則」の施行タイミングはどう定められているか？","可決された次の年度から","可決された次の瞬間から","可決された次の総会から","執行委員会が告示した日から",2,"第21回総会議案の末尾に「本議案は可決された次の瞬間から施行される」とあります。"
B-68,B,"総会の終了時刻は誰が設定するか？","執行委員長","総会議長","出席者の多数決","前回の総会で決定する",2,"総会に関する細則 第6条に「議長はあらかじめ総会の終了時刻を設定しなければならない」とあります。"
B-69,B,"学友会員が休学申請を行う際、提示する休学願の控えは、どこで発行されるものか？","学友会","本学教務課","所属する学科の事務室","保健管理センター",2,"学友会員の権利における細則 第2条に「本学教務課に休学申請を行い、その際発行される休学願の控え」とあります。"
B-70,B,"第19回総会議案で、サークル援助金の申請のためにサークルが提出する資料として、正しくないものはどれか？","援助金希望項目","援助金希望項目に関する領収書","前年度部員名簿","次年度の予算案",4,"第19回総会議案の本文3に提出資料が列挙されていますが、「次年度の予算案」は含まれていません。"
B-71,B,"会計委員会の監査報告を元に、個々の公認サークルへの援助金支給額の議決を行うのはどこか？","総会","執行委員会","会計委員会","サークル代表者会議",4,"サークルに関する細則 第17条に「サークル代表者会議での議決をもって決定とする」とあります。"
B-72,B,"第55回総会で音楽協議会が解体された結果、会則の条文はどうなったか？","関連条文が「無効」と追記された。","関連条文が削除され、以降の条文が繰り上げられた。","関連条文はそのまま残された。","関連条文が「参考」として残された。",2,"第55回総会議案の議案内容に「第21条を無効として削除し、…第22条を第21条へと繰り上げる」とあります。"
B-73,B,"サークル代表者会議の議決は、どの程度の賛成で可決されるか？","出席サークル数の三分の二以上","出席サークル数の過半数","全公認サークル数の過半数","全公認・準公認サークル数の過半数",2,"サークルに関する細則 第11条に「出席サークル数の過半数で可決される」とあります。"
B-74,B,"学友会が所有する備品のうち、「耐久消費財」と見なされる条件として、議案に挙げられていないものはどれか？","特別費や予備費で購入された","想定耐用年数が1年以上","金額が比較的高額","海外製であること",4,"第42回総会議案の1-1に条件が列挙されていますが、「海外製であること」は含まれません。"
B-75,B,"執行委員会が、議案の提出締切日を公示する際に含めなければならない情報でないものはどれか？","議案の提出締切日","議案の提出場所","議案の受付時間","議案のフォーマット見本",4,"総会に関する細則 第17条に公示内容が列挙されていますが、「議案のフォーマット見本」は必須とされていません。"
B-76,B,"総会に関する細則（第36回総会）の施行年月日はいつか？","平成16年6月1日","平成19年5月24日","平成27年4月1日","平成29年12月1日",2,"総会に関する細則 第24条に「この細則は、平成十九年五月二十四日より施行する」とあります。"
B-77,B,"第42回総会の議案で、耐久消費財のリストの書き方として定められていない項目はどれか？","購入年度","物品の名称","購入金額","主な使用場所あるいは保管場所",3,"第42回総会議案の3にリストの項目が列挙されていますが、「購入金額」は必須項目として挙げられていません。"
B-78,B,"サークルが準公認を辞退した場合、その事実はどこで報告されるか？","学友会誌「群青」","サークル代表者会議","総会","学内の掲示板",3,"サークルに関する細則 第6条に「辞退する場合は総会でその旨を報告する」とあります。"
B-79,B,"総会の議事録の保存版を破棄できるのはどのような場合か？","6年の保管期間が過ぎた場合","執行委員会が不要と判断した場合","それに代わるものが認められるときのみ","いかなる場合も破棄できない",3,"第34回総会議案の本文に「保存版を破棄する際はそれに代わるものが認められるときのみとする」とあります。"
B-80,B,"学友会の機関のうち、その詳細が基本則第5章で定められている特別な機関はどれか？","執行委員会","会計委員会","調布祭実行委員会","ネットワーク管理委員会",2,"基本則 第16条2項に「各機関についての詳細は、会計委員会については第５章で…定める」とあります。"
B-81,B,"「使途不明金の発生した機関は、発生した金額と考えられる原因を会計委員長に報告しなければならない」というルールで、報告する内容に含まれていないのはどれか？","発生した金額","考えられる原因","改善策の提案","報告者の氏名",3,"第20回総会議案の本文2では「発生した金額と考えられる原因」の報告を義務付けていますが、「改善策の提案」は次の段階の話し合いで議論されます。"
B-82,B,"総会で審議される予算に計上される「収入予算」とは何か？","会計年度の実際の収入額","全ての収入項目に対する見積り","会費収入のみの見積り","前年度の収入実績",2,"第17回総会議案の6.2に「収入予算とは、本会の全ての収入項目に対する見積りである」と定義されています。"
B-83,B,"サークル代表者会議議長団の選出方法として正しいものはどれか？","総会で任命される","執行委員長が指名する","サークル代表者会議によって選出、任命される","立候補者による選挙で決まる",3,"サークルに関する細則 第9条に「サークル代表者会議によって選出、任命され」とあります。"
B-84,B,"学友会員が会員でいるための前提条件は何か？","日本国籍を有すること","20歳以上であること","本学の学士課程の学生であること","サークルに所属していること",3,"基本則 第3条に「本会の会員であるには本学の学士課程の学生であることを必要とする」とあります。"
B-85,B,"第19回総会議案によると、サークル援助金決定の最初のステップは何か？","サークルが会計委員会に資料を提出する。","サークルがまず自ら資金を集めて1年間活動する。","会計委員会が援助可能な項目の基準を示す。","サークル代表者会議で折衝係を選ぶ。",2,"第19回総会議案の本文1に「サークルはまず自ら活動資金を集めて1年間の活動を行なう」とあり、これが援助金申請の前提となっています。"
B-86,B,"第17回総会の議案補足で、失効することになった第16回総会の議案名は何ですか？","学友会決算報告の承認に関する決議","本会の予算及び決算の原則に関する決議","サークル援助金配布方法に関する議案","高額耐久消費財に関する議案",2,"第17回総会議案の補足に明記されています。"
B-87,B,"耐久消費財を破棄する際に費用がかかった場合、その費用は原則としてどこから支出されるか？","当該機関の予算から","予備費から","会計委員長のポケットマネーから","支出は認められない",2,"第42回総会議案の6に「原則として予備費より執行する」とあります。"
B-88,B,"会計資金の確認記録の保管義務を負うのは誰か？","会計委員長","執行委員長","手続きを行った担当者","全機関の長",3,"第16回総会議案の本文に「手続きを行なった担当者は、これを確認した記録を少なくとも1年間保管すること」とあります。"
B-89,B,"総会の有効決議録の公開について、正しい記述はどれか？","原則として公開されない","執行委員会の判断で公開される","学友会員の要求があった時は可能な限り速やかに公開しなければならない","年に一度、まとめて公開される",3,"総会に関する細則 第23条に明記されています。"
B-90,B,"サークルに関する細則第5条の2で定められた「準公認格下げ」の決定は、どこで行われるか？","執行委員会","会計委員会","サークル代表者会議","総会",4,"サークルに関する細則 第5条の2に「なお、この準公認格下げは総会で決する」とあります。"
B-91,B,"第1回総会から第7回総会までの可決議案のうち、失効の対象外とされた議案の記録・資料はどう扱われるか？","破棄する","非公開で保管する","保存し、要請があれば会員に提示しなければならない","要約して保管する",3,"第23回総会議案の本文のただし書きに明記されています。"
B-92,B,"サークル代表者会議の議長が罷免された後、必要ならば何をすることができるか？","罷免された議長の任期中の決定を全て自動的に無効とする。","罷免された議長の任期中の決定を無効とし再び議決を取り直すことができる。","罷免された議長を再任することができる。","執行委員会に会議の運営を委託する。",2,"第21回総会議案「議長の罷免」に「必要ならば…再び議決を取り直すことが出来る」とあります。"
B-93,B,"耐久消費財の購入・修理・廃棄で予備費から支出される金額の根拠となるものは何か？","担当者の申告","見積書","正式な領収書","ネット通販のスクリーンショット",3,"第42回総会議案の9に「正式な領収書のみを参考とする」とあります。"
B-94,B,"学友会費に関する細則（第58回総会改正）の改正日はいつか？","平成27年4月1日","平成29年6月1日","平成29年12月1日","平成30年6月1日",4,"学友会費に関する細則 第2条の附則に「平成三十年六月一日一部改正」とあります。"
B-95,B,"総会の場で議案を提出する際、書面に記載が必要な5つの項目のうち、「本文」の他に含まれるものはどれか？","議案名、提出者、主旨、提出理由","議案名、提出者、日付、連絡先","議案名、要約、背景、予算","議案名、提出者、審議時間、賛同者",1,"第12回総会議案の本文に「議案名」「提出者」「本文」「主旨」「提出理由」の5つが列挙されています。"
B-96,B,"第42回総会の議案の成立と同時に失効した議案が可決されたのは、第何回総会か？","第17回と第20回","第18回と第21回","第20回と第22回","第21回と第23回",3,"第42回総会議案の末尾に「第20会で可決された…」および「第22会で可決された…」とあります。"
B-97,B,"総会に関する細則で、委任状の有効期限はどのように定められているか？","発行から1年間","その委任状に記載のある総会に限り有効","次の定期総会まで有効","取り下げられるまで永久に有効",2,"総会に関する細則 第15条に明記されています。"
B-98,B,"総会で審議される決算に計上される7つの項目のうち、予算には計上されない項目はどれか？","本予算","前年度繰越額","総収入額","次年度繰越額",4,"第17回総会議案の6（予算）と7（決算）を比較すると、「次年度繰越額」は決算のみの項目であることがわかります。"
B-99,B,"執行委員会が会計委員会の管理する資金の運営状況を確認する頻度は、会計年度中に少なくとも何回か？","1回","2回","3回","4回",3,"第16回総会議案の本文に「同様に、執行委員会は定期的に会計委員会の管理する資金の運営状況を確認する。これらは会計年度中に少なくとも3回おこなう」とあります。"
B-100,B,"第57回総会の議案で改正された基本則第3条が施行されたのはいつか？","平成16年6月1日","平成29年6月1日","平成29年12月1日","可決と同時",3,"第57回総会議案の附則に「平成二十九年十二月一日一部改正」とあり、補足で効力発揮日も同日とされています。"
A-1,A,"以下のうち、総会の承認ではなく「各機関の長の承認」で任命される役職はどれか？","執行委員長","副執行委員長","会計委員長","総会議長",3,"基本則第18条で会計委員長は「執行委員長の指名に基づき、各機関の長の承認」と定められています。他の役職は総会の承認が必要です。役職ごとの任命プロセスの違いを問う問題です。"
A-2,A,"承認を受けずに購入した耐久消費財が後に故障した場合、その修理費について正しい記述はどれか？","事後であっても会計委員長の承認を得れば予備費から支出できる。","総会で特別に承認されれば予備費から支出できる。","理由を明示すれば執行委員長の承認で予備費から支出できる。","予備費からの執行は一切行われない。",4,"第42回総会議案の4に「承認を受けなかった耐久消費財のその後の修理、廃棄に関しても同様に予備費からの執行は行わない」という厳しい規定があります。この「その後の」という部分を正確に読み取れるかが鍵です。"
A-3,A,"「本年度経費は、本年度予算の成立以前に支出してはならない」という原則があります。しかし、ある支出は予算成立前でも可能な場合があります。それは何か？","前年度からの継続事業費","緊急の修繕費","執行委員長の判断による予備費の支出","本文書にはそのような例外は明記されていない",3,"第17回総会議案の本文3の原則と、同議案の6.5および基本則第22条の「予備費」の規定を組み合わせる必要があります。予備費は「不測の事態」に対応するため、予算成立を待たずに支出される可能性があると推論できます。"
A-4,A,"第23回総会の議案により、第1回から第7回総会までの議案の多くが失効しましたが、その中でも例外的に有効とされた議案の種類は何か？","予算・決算に関する議案","サークル公認に関する議案","本会会則の基本則及び細則に関する議案","役員任命に関する議案",3,"第23回総会議案の本文2に「現行の会則をそのまま執行するという形において有効とする」という例外規定があります。失効の原則とその例外を問う問題です。"
A-5,A,"サークル代表者会議が定足数不足で開けず、後日投票で議決する際の可決条件と成立条件の組み合わせで正しいものはどれか？","可決：投票者の過半数、成立：全代表者の過半数の投票","可決：サークル代表者数の過半数、成立：有効投票数が全代表者数の三分の二以上","可決：全代表者の過半数、成立：有効投票数が定足数以上","可決：全代表者の三分の二以上、成立：全代表者の過半数の投票",2,"第21回総会議案「サークル代表者会議における投票」の条文「投票はサークル代表者数の過半数でこれを決し」「有効投票数がサークル代表者数の三分の二以上でなければ無効とする」を正確に組み合わせる必要があります。「可決」と「成立（有効）」の条件を混同しやすいです。"
A-6,A,"予備費の支出について、基本則と第17回総会議案の説明を総合すると、どのような手続きが必要か？","会計委員長が承認し、執行委員長が支出。支出後に総会で報告/承認。","執行委員長が判断し支出し、支出後に会計委員長と総会に報告。","総会で事前に承認を得てから、執行委員長が支出する。","会計委員長が判断し支出し、執行委員長に事後報告する。",1,"基本則第22条「会計委員長が承認し執行委員長が支出する」と、第17回総会議案6.5「執行委員長の判断のもとで支出」は一見矛盾しますが、基本則が上位規範であり、より詳細な議案の「執行委員長の判断」は会計委員長の承認を得た上での最終判断と解釈するのが妥当です。よって基本プロセスは「会計委員長承認→執行委員長支出→総会報告/承認」となります。"
A-7,A,"ある公認サークルの構成員が6人になったが、そのうち学友会員が4人しかいなかった。このサークルはどうなるか？","ただちに公認を取り消される。","総会で準公認への格下げが決される対象となる。","構成員が5人未満でないため、何の問題もない。","構成員全員が学友会員でないため、格下げの例外には当たらない。",2,"サークルに関する細則第5条の2「学友会員が5人以上在籍していない場合は準公認に格下げとなる」に該当します。また、ただし書きの「構成員が5人未満」の条件にも当てはまらないため、格下げの対象となります。複数の条件を正確に適用できるかが問われます。"
A-8,A,"1991年度の使途不明金処理において、返還金と共に発生した郵便口座の利息58円はどのように処理されたか？","返還金と共に学友会費にとどめられた。","当時の会計委員長に返還された。","当該年度の雑収入に組み込まれた。","不明金として処理された。",3,"第20回総会の非常に細かい議案内容を記憶しているかを問う、高難易度の知識問題です。本体の20,000円の処理と利息の処理の違いがポイントです。"
A-9,A,"総会の議事録と有効決議録の保管について、正しい記述はどれか？","どちらも6年間保管される。","議事録は6年間、有効決議録は決議が削除されない限り保管される。","議事録は永久保管、有効決議録は10年間保管される。","どちらも決議が削除されない限り保管される。",2,"総会に関する細則 第22条（議事録）と第23条（有効決議録）の保管期間の違いを明確に区別できるか問う問題です。"
A-10,A,"第34回総会で制定された「総会の議事録の保管方法及び公表に関する議案」により失効した同名の議案が可決されたのは、第何回総会か？","第12回総会","第20回総会","第23回総会","第29回総会",3,"第34回総会議案の末尾に「第23回総会において可決した『総会の議事録の保存方法及び公表に関する議案』は失効する」とあります。議案の新旧関係を正確に追跡できているか問う問題です。"
A-11,A,"総会の定足数（会員の十分の一）と、基本則改正の可決要件（会員の五分の一超）の関係について、正しい記述はどれか？","定足数を満たしてさえいれば、出席者の賛成で基本則を改正できる。","基本則改正には、定足数の倍以上の会員の賛成が必要になる場合がある。","総会に出席していなくても、委任状によって基本則改正に賛成の意思を示すことができる。","基本則改正は定足数とは無関係に行われる。",2,"定足数は「開催」の要件、可決要件は「議決」の要件です。例えば会員1000人の場合、定足数は100人ですが、基本則改正には201人以上の賛成が必要です。この2つの基準の違いを理解しているか問います。"
A-12,A,"第19回総会の「サークル援助金決定方法」と第21回総会の「サークル代表者会議に関する補則」を総合すると、援助金が0円になる可能性があるのはどのようなサークルか？","会計委員会に領収書を提出しなかったサークル。","前年度の活動報告が不十分なサークル。","議長への連絡無く代表者会議を欠席したサークル。","援助金の希望額が著しく高いサークル。",3,"第19回総会の議案は援助金算出のプロセスを定めていますが、0円にするという直接の罰則規定はありません。一方、第21回総会の議案には欠席等に対する罰則として0円にできる規定があります。異なる議案の情報を結びつける必要があります。"
A-13,A,"サークル代表者会議の議長が罷免された場合、その後どうなるかについて、規則に書かれていないことはどれか？","速やかに次の議長を選び出す。","罷免された議長の任期中の決定を無効にできる。","罷免された議長は学友会員の資格を失う。","罷免された議長の任期中の決定を再議決できる。",3,"第21回総会議案「議長の罷免」に書かれている内容を問う問題です。議長罷免後の手続きは詳細に書かれていますが、会員資格の剥奪については一切触れられていません。"
A-14,A,"「執行委員会は、録音したものを元に議事録を冊子として作成する。このとき、意味のない言葉を除き発言の内容はすべて記録する」という規定から、どのような編集方針が読み取れるか？","発言の要約を作成する。","発言の順序を整理して記録する。","発言を逐語的に、ただし無意味な間投詞などを省いて記録する。","発言者の氏名を伏せて記録する。",3,"「意味のない言葉を除き」「発言の内容はすべて記録する」という2つの部分から、逐語録に近いが、完全な逐語録ではないという微妙なニュアンスを読み解く必要があります。"
A-15,A,"第42回総会で可決された「耐久消費財に関する議案」は、過去の「高額耐久消費財に関する議案」を失効させている。この2つの議案名の違いから、どのようなルールの変更があったと推測できるか？","対象がPCやプリンタに限定された。","対象が高額なものだけでなく、機関が重要と考えるものにも拡大された。","管理責任者が会計委員長に一元化された。","紛失時の罰則が強化された。",2,"「高額」という文言が消えている点に着目します。実際の条文（1-2）でも「各機関が耐久消費財と考え、会計委員長が適切と判断したもの」も対象に含めており、名称の変更がルールの変更を反映していることを読み取れるかが問われます。"
A-16,A,"「会計委員会は定期的に本会の全ての資金の運営状況を確認する」と「執行委員会は定期的に会計委員会の管理する資金の運営状況を確認する」という二重のチェック体制が定められている。この体制の目的として最も考えられるものは何か？","業務の効率化","会計委員会の権限強化","相互牽制による不正防止と透明性の確保","執行委員会の会計への関与",3,"第16回総会議案の条文から、二重チェック体制の意図を推論する問題です。これは明記されていませんが、組織論の常識と条文の構造から不正防止が目的であると考えるのが最も妥当です。"
A-17,A,"「本会の総収入額は総支出額と総内部留保額を足した額に一致しなければならない」という会計原則（第17回総会議案6.6）は何を意味するか？","収入と支出は常に同額でなければならない（黒字・赤字は許されない）。","収入の全てが、その年度の支出か、将来のための内部留保のどちらかに割り振られなければならない。","内部留保は、総収入から総支出を引いた残額として自動的に決まる。","収入は支出と内部留保の合計よりも多くなければならない。",2,"この会計等式は、資金の使途がすべて計画（予算）に計上されることを要求するものです。会計の知識と条文の正確な読解が求められます。"
A-18,A,"サークル援助金の決定プロセスにおいて、会計委員会とサークル代表者会議の役割分担として正しいものはどれか？","会計委員会が金額を査定し、サークル代表者会議が承認する。","会計委員会が基準や上限を示し、サークル代表者会議が各サークルへの配分を決定する。","サークル代表者会議が希望額をまとめ、会計委員会が最終決定する。","両者が合同で会議を開き、金額を決定する。",2,"第19回総会議案のプロセス全体を俯瞰し、2つの組織の役割を正確に切り分ける必要があります。会計委員会は監査・基準設定役、代表者会議は実質的な配分決定役という関係性を理解しているかが問われます。"
A-19,A,"「総会における議案提出及び修正方法に関する議案」（第12回総会）と、「総会に関する細則」（第36回総会）を比較したとき、議案の提出に関してどのような変更があったか？","口頭での提出が認められるようになった。","総会当日の議案提出が明確に禁止された。","提出に必要な記載事項が大幅に簡略化された。","議案提出が執行委員会への事前提出制になった。",4,"第12回総会の議案では「総会議長に対して書面による提出」とあり、総会当日の提出を前提としています。一方、第36回総会の細則第17条では事前提出締切日が設けられ、当日の提出が禁止されています。新旧ルールの比較が求められます。"
A-20,A,"第58回総会で「過年次生」の会費が定められた。これは、それ以前の会則（第57回総会改正時点）では、どのような問題があったことを示唆しているか？","過年次生は学友会員になれなかった。","過年次生は無料で会員の権利を享受できていた。","4年以上在学する学生（過年次生）の会員資格や会費に関する明確な規定がなかった。","過年次生の会費が高すぎると問題になっていた。",3,"新たなルールが作られるのは、通常そこにルールがないか、不備がある場合です。4年次までの会費しか規定がなかったため、5年目以降の学生（過年次生）の扱いが不明確だったという問題を解決するためにこの改正がなされたと推論するのが最も妥当です。"
A-21,A,"会計委員長は「各機関の長の承認」をもって任命される。この「各機関の長」に、任命される会計委員長自身は含まれるか？","含まれる。","含まれない。","執行委員長が判断する。","文書からは判断できない。",2,"自身を承認の主体に含めるのは論理的に不自然であり、通常、承認主体と被承認者は別人格です。明記されていませんが、一般的なルール解釈として「含まれない」と判断するのが妥当です。行間を読む能力が問われます。"
A-22,A,"第17回総会議案の補足と第19回総会議案の本文10を比較すると、失効した議案（決議）の扱いについてどのような違いがあるか？","失効させた議案の総会回数が明記されているか否か。","失効の理由が明記されているか否か。","失効のタイミングが「可決により」か「成立した場合」かで異なる。","特に違いはない。",1,"第17回議案では「第7回総会」「第16回総会」と具体的な回数が記されていますが、第19回議案では「第9回総会」と具体的な回数が記されています。これは違いではありません。設問が不適切でした。正しいAレベルの問題に差し替えます。【新問題】サークル代表者会議の議決は「1サークル1票」だが、総会の議決は委任状を含めると1人が複数票を持つことがある。この違いは何を優先している結果か？【選択肢】1. 総会では個人の意思、代表者会議では団体の意思を重視。 2. 総会は参加しやすさ、代表者会議は厳格さを重視。 3. 総会は多数決、代表者会議は全会一致を理想としている。 4. 特に理由はない。【正解】1。総会は「学友会員」個人の集まりなので個人の票が基本、代表者会議は「サークル」という団体の集まりなので団体の票が基本、という組織の性質の違いを反映したルールだと解釈できます。"
A-23,A,"耐久消費財を「紛失」した場合と、「使途不明金」が発生した場合の処理を比較したとき、共通する手続きは何か？","どちらもまず会計委員長に報告する。","どちらも最終的に総会で報告する必要がある。","どちらも担当者が補填する義務を負う。","どちらも警察に届け出る必要がある。",2,"耐久消費財の紛失は総会での報告義務があり（第42回総会議案7-3）、使途不明金も総会での報告義務があります（第20回総会議案6）。これが両者に共通する手続きです。"
S-1,S,"総会の決議において、出席会員100名（うち議長団3名）、賛成50票、反対47票、個人委任状による票なし、議長委任状が30票あった場合、この議案の扱いはどうなるか？","賛成80、反対47で可決される。","賛成50、反対77で否決される。","場内票が同数でないため、議長委任状は加算されず、賛成50、反対47で可決される。","議長団の3票は議長委任状として扱われ、賛成53、反対47で可決される。",1,"まず、議長団の3名は場内票を投じません（議長団の義務）。場内票は賛成50、反対47で、多数意見は「賛成」。議長委任状30票は多数意見側に加算されるため、賛成票は50+30=80票となります。よって賛成80、反対47で可決。総会に関する細則第7条、第12条の複雑なルールを総合的に理解・適用する必要があります。"
S-2,S,"ある機関が至急の要件で耐久消費財を購入しようとしたが、会計委員長と連絡が取れなかった。この時、執行委員長の承認を得て購入することが認められていない機関はどれか？","新入生歓迎実行委員会","調布祭実行委員会","執行委員会","群青編集委員会",3,"第42回総会議案の4に「ただし、執行委員会に関してはこれを認めない」という極めて限定的な例外規定があります。これは「執行委員会自身」が緊急時に自己の承認で（会計委員長を飛ばして）購入することを禁じるものです。この細かい「ただし書き」を見つけ出し、意味を正確に解釈しないと解けません。"
S-3,S,"学友会公認サークルAは、部員数が4名になった。しかし、その4名は全員が熱心な学友会員である。一方、公認サークルBは部員数が10名いるが、学友会員は4名のみである。この2つのサークルの扱いとして、最も適切な記述はどれか？","AもBも準公認格下げの対象となる。","Aは例外規定により格下げ対象外だが、Bは格下げ対象となる。","Aは格下げ対象だが、Bは部員数が多いため対象外となる。","AもBも格下げの対象とはならない。",2,"サークルに関する細則第5条の2の「学友会員が5人以上在籍していない場合」という本則と、「構成員が5人未満のサークルの場合、その構成員全員が学友会員だった場合に限り、これに当てはまらない」というただし書きを、2つの異なるケースに正確に適用する必要があります。Aはただし書きに救済され、Bは本則に抵触します。"
S-4,S,"第17回総会議案の決議により、前年度の資金運営に対する責任は「本年度決算が総会で承認された時点」で免除される。しかし、この免除が適用されないのはどのような問題か？","本年度決算承認後に新たに発覚した問題","本年度決算可決より以前に明らかになっていた問題","会計監査で見逃されていた軽微な問題","過去の決算報告の修正によって明らかになった問題",2,"第17回総会議案の本文4の原則とただし書きの関係を深く理解する必要があります。「本年度決算可決より以前に明らかになった問題に対しては、継続して責任追及を行える」という部分が鍵です。免責のタイミングとその例外条件を問う難問です。"
S-5,S,"耐久消費財のガイドライン変更に関する手続きとして正しいものはどれか？","総会の決議によって変更できる。","会計委員長と執行委員長の合意によって変更できる。","各機関長または代理人全員の承認があれば変更できる。","ガイドラインは一度定めると変更できない。",3,"第42回総会議案の10という、非常に末尾にある条文の内容です。「各機関長又は機関長の指名した代理人による議論の上、機関長又は代理人全員の承認があれば、変更することができる」という、総会決議や役員の承認とは異なる特殊な手続きを問うています。"
S-6,S,"執行委員長、会計委員長、その他の機関の長の任命方法には、それぞれ異なるプロセスが定められている。この違いが示す組織設計上の意図として、最も考えられることは何か？","各機関の独立性を尊重しつつ、執行部と会計の権限を明確に分離し、牽制させるため。","手続きを複雑にすることで、安易な役員交代を防ぐため。","総会の負担を軽減するために、一部の役員の任命権を執行部に委譲するため。","歴史的な経緯でそうなっているだけで、特に深い意図はない。",1,"執行委員長（総会任命）、会計委員長（執行委員長指名・各機関長承認）、その他機関長（互選・執行委員長任命）という3つの異なるプロセスから、権力の集中を防ぎ、各機関の自治と相互牽制を意図した設計思想を読み解く必要があります。文書に書かれていない「意図」を推論する問題です。"
S-7,S,"あるサークルが援助金で購入した物品が、後に「耐久消費財」として登録された。この物品が1年以内に故障した場合、修理費はどこから支出されるのが最も適切か？","当該サークルの次年度援助金から支出する。","会計委員長の承認のもと、予備費から支出する。","当該サークルの部員が自費で修理する。","修理は認められない。",2,"サークル援助金で購入された物品も、学友会の所有物（備品）であり、耐久消費財の定義に合致すればその管理規則に従うと解釈するのが妥当です。したがって、第42回総会議案のルールに基づき、予備費からの支出が適切となります。複数の制度をまたぐケースを想定する問題です。"
S-8,S,"総会の審議の優先順位は「i.学友会全体」「ii.予算及び決算」「iii.サークル承認」と定められている。では、「サークルに関する細則」の改正案は、どのカテゴリーに分類され、審議される可能性が最も高いか？","i. 学友会全体に関する議案","ii. 学友会の予算及び決算に関する議案","iii. サークルの承認及び取り消しに関する議案","上記のいずれにも該当しないため、最後になる。",1,"サークルに関する細則は、個別のサークル承認（iii）とは異なり、全サークル、ひいては学友会全体の運営に関わるルールであるため、「学友会全体に関する議案」(i)と解釈するのが最も論理的です。ルールの抽象度を判断する能力が問われます。"
S-9,S,"学友会員が休学申請を行い権利を延長した場合、その会員は休学期間中に開催される総会において、どのような扱いを受けると考えられるか？","通常通り議決権を持つ。","議決権は持たないが、審議に参加することはできる。","学友会員としての権利を失効しているため、議決権も審議権も持たない。","議長委任状を提出することのみ可能である。",3,"学友会員の権利における細則第1条に「休学期間中の学友会員としての権利を失効するかわりに」と明記されています。したがって、総会での諸権利（議決権、審議権など）も失効すると解釈するのが自然です。制度の根本的な意味を問うています。"
S-10,S,"第23回総会で第1回から第7回までの多くの議案が失効したにも関わらず、第17回総会の議案では第7回総会の決議を失効させている。この事実から何が推測できるか？","第23回総会の決定は、それ以前の決定を遡って無効にするものではない。","第17回総会の議案は、第23回総会の決定よりも優先される。","第23回総会の決定には例外があり、第7回総会の当該決議は失効していなかった。","学友会の議事録管理に矛盾がある。",3,"第23回総会の議案では、「予算･決算･サークル公認･取消に関するもの」は有効決議録を作成しなくてもよいが、「失効」とは明記されていません。「その他の議案」が失効対象です。したがって、第7回総会の「学友会決算報告の承認に関する決議」は「決算に関するもの」として失効を免れていたと推論できます。非常に細かい条文の読解が必要です。"
S-11,S,"「総会の有効決議録は、その決議が総会において削除されない限り保管しなければならない」と定められている。これは実質的に何を意味しているか？","全ての決議は永久に保管される。","一度決議されると、その内容は絶対に変更できない。","決議の効力を失わせるためには、単に新しいルールを作るだけでなく、古い決議を「削除する」という手続きが別途必要である。","有効決議録の破棄には、総会の特別な許可が必要である。",3,"「削除されない限り」という文言の法的な意味を問う問題です。これは、現行のルールブック（有効決議録）を整備するためには、不要になったルールを無効化・失効させるだけでなく、「削除する」という能動的な議決が必要であることを示唆しています。ルールのライフサイクル管理に関する深い理解が求められます。"
S-12,S,"使途不明金の処理において、「役員またはその他の人間の補填による処理は一切行なわない」という原則と、「報告及び、改善に関する話し合いを怠った機関には、補填を求めるものとする」という例外規定がある。この2つの条文の論理的な関係は？","前者は原則、後者は罰則としての例外である。","前者は故意の場合、後者は過失の場合に適用される。","前者は役員個人、後者は機関全体に対する規定である。","両者は矛盾しており、どちらかが優先されるべきである。",1,"「原則として補填はさせない（原因究明を優先）」が、その原因究明のプロセス自体を怠った場合には「罰則として補填を求める」という関係性を読み解く必要があります。原則と、その原則を守らせるための罰則規定という構造を理解できるかが鍵です。"
S-13,S,"「次年度繰越額」の計算式は「前年度繰越額＋総収入額－総支出額」である。一方、予算編成時には「総収入額＝総支出額＋総内部留保額」でなければならない。この2つの等式から、会計年度末の「次年度繰越額」は何と等しくなると理論上考えられるか？","前年度繰越額 ＋ 総内部留保額","総収入額 － 内部留保額","前年度繰越額のみ","常にゼロになる",1,"予算編成時の等式を「総収入額－総支出額＝総内部留保額」と変形し、これを決算の計算式に代入すると、「次年度繰越額＝前年度繰越額＋総内部留保額」となります。会計ルールの組み合わせから論理的に答えを導き出す、数学的な思考を要する問題です。"
S-14,S,"サークル代表者会議の議決は「出席サークル数の過半数で可決される」。一方、総会の定足数は「会員の十分の一以上」で、議決は原則として出席者の過半数である。この違いは何を示唆しているか？","サークル代表者会議は、総会よりも厳格な意思決定を求めている。","サークル代表者会議の議決は、欠席サークルが多いと成立しにくい構造になっている。","総会は委任状があるため、実質的な参加者が出席者数よりも多くなることを想定している。","サークル代表者会議では、各サークルの意見が平等に重く扱われるべきだという思想がある。",2,"総会の議決は「出席者」の過半数ですが、サークル代表者会議は「出席サークル数」の過半数であり、定足数も「招集されたサークル代表者の三分の二」と厳しめです。これは、多くのサークルの合意形成を重視する姿勢を示しており、欠席が多いと議決そのものが難しくなることを意味します。組織の性格の違いをルールから読み解く問題です。"
S-15,S,"第42回総会で導入された「耐久消費財」の管理ルールと、第20回総会で導入された「使途不明金」の処理ルールを総合すると、管理リストに載っているはずのPCが紛失した場合、それはどのように扱われるべきか？","「耐久消費財の紛失」として処理され、総会で原因等を報告する。","「使途不明金」として処理され、会計委員長に報告する。","どちらのルールも適用され、両方の手続きを踏む必要がある。","金額によって扱いが変わり、高額な場合は使途不明金、そうでない場合は紛失として扱う。",1,"「紛失」は原因（置き忘れた、盗まれた等）が推測できる状態であり、「使途不明金」は帳簿と現金が合わないが原因が不明な状態を指します。物品の紛失は、資金の使途不明とは異なるため、「耐久消費財の紛失」のルールに従うのが適切です。用語の厳密な定義と適用範囲を問う問題です。"
S-16,S,"総会の議長は「執行委員長が会場内の総会出席会員より指名し、会場内にいる総会出席会員の過半数の承認によりこれを決する」。この手続きが持つ民主的な意味合いとは？","議長は執行部の意向を汲みつつも、最終的には総会自身の信任を得て初めて成立する、という権力のバランスを示している。","議長は完全にランダムに選ばれるべきだという原則を示している。","執行委員長が議長を兼任することを防ぐための規定である。","議長は経験豊富な上級生が務めるべきだという慣習を明文化したものである。",1,"執行委員長による「指名」と、総会出席会員による「承認」という2段階のプロセスに込められた意図を問う問題です。これは、執行部のリーダーシップと、議事進行の中立性を担保するための総会の信任という、両者のバランスを取るための巧妙な仕組みと解釈できます。"
S-17,S,"第52回総会で「休学に際する学友会加入の扱い」が定められた。この議案が必要とされた背景として、どのような問題が存在したと最も強く推測されるか？","休学した学生が会費を払った期間分のサービスを受けられず、不利益を被っていた。","休学した学生が会員資格を失い、復学時に再度高額な会費を払う必要があった。","休学中の学生が議決権を行使し、総会の運営に混乱をきたしていた。","休学する学生が多すぎて、学友会の財政が圧迫されていた。",1,"「休学期間中の学友会員としての権利を失効するかわりに、休学期間分の権利を延長する」という条文から、休学によって会費を払った期間が無駄になってしまう「不利益」を救済することが主目的であると推論できます。制度の目的をその内容から逆算する思考が求められます。"
S-18,S,"1991年度の使途不明金処理に関する議案（第20回総会）で、誓約書を「破棄」するに至った直接の理由は何か？","誓約書の内容に不備があったため。","誓約を交わした会計委員長が、誓約書の返還を不要としたため。","使途不明金が全額返還されたため、誓約書は不要になったから。","誓約書の保管期限が切れたため。",2,"議案本文の「1991年度会計委員長と電子メールの交換の結果、誓約書は返還してもらわなくて結構とのことであった」という非常に細かい記述を根拠とする問題です。文書の隅々まで読み込んでいるかが試されます。"
S-19,S,"「総収入額、総支出額及び総内部留保額」は予算に計上され、「総収入額、総支出額及び次年度繰越額」は決算に計上される。この違いが示す会計上の操作は何か？","予算段階では収入の使途を全て計画（支出or内部留保）するが、決算段階では実績（支出）との差額が結果として次年度繰越になることを示している。","内部留保は予算だけの概念であり、決算時には全て支出されることを意味する。","予算と決算では、総収入額の定義が異なることを示している。","この違いに特に意味はなく、慣習的にそうなっているだけである。",1,"予算は「計画」であり、決算は「結果」です。予算では収入をどう使うか（支出＋内部留保）を計画し、決算では実際どうだったか（支出）を報告し、その結果として残ったお金（次年度繰越）を示す、という会計の流れを理解しているかを問う難問です。"
S-20,S,"サークル代表者会議の開催通知は「立て看板およびサークルポスト」を使うと定められている。現代において、この通知方法が形骸化している可能性がある場合、議長が規則を遵守しつつ、より確実に情報を伝達するために取るべき行動は何か？","規則にないSNSやメールでの連絡のみで済ませる。","規則通り立て看板とサークルポストへの投函を行い、それに加えて補足的にSNSやメールでも連絡する。","規則が時代遅れであるとして、総会に細則改正案を提出する。","通知義務は果たしたとして、連絡が伝わらなくてもサークルの自己責任とする。",2,"規則の「遵守」と実効性の「確保」を両立させるための現実的な行動を問う問題です。規則に定められた最低限の義務を果たした上で、さらに効果的な手段を講じるのが最も適切かつ誠実な対応と言えます。選択肢3も長期的には正しいですが、短期的な行動としては2が最適です。"
S-21,S,"「本会の前年度繰越額とは、本会が前年度から繰り越した資金の総額である」と「本会の次年度繰越額は、次年度における前年度繰越額に一致しなければならない」という2つの条文が意味することは何か？","繰越額は毎年リセットされる。","ある年度の期末残高が、次の年度の期首残高として正しく引き継がれなければならないという、会計の連続性の原則を示している。","繰越額はインフレ率を考慮して調整されるべきである。","繰越額の計算方法が2通りあることを示している。",2,"一見当たり前のことを言っているように見えるこの2つの条文は、年度をまたいで会計が断絶せず、連続したものであることを保証するための重要な原則を定めています。会計の基本的な考え方を会則の言葉から読み解く問題です。"
S-22,S,"第36回総会で制定された「総会に関する細則」の第1章第1条で「厳正かつ円滑に議事を運営する事」が目的とされている。この目的を達成するため、同細則に盛り込まれていると考えられる仕組みは次のうちどれか？","議長に強力な議事進行権と終了時刻設定権を与える一方、議長団の議事参加を禁じることで中立性を担保する仕組み。","全ての議案を全会一致で可決することを義務付ける仕組み。","議案の提出を総会当日に限定し、サプライズを演出する仕組み。","執行委員長が議長を兼任し、迅速な意思決定を可能にする仕組み。",1,"細則第6条（議長の権利）と第7条（議長団の義務）の内容は、まさに「厳正（中立性）」と「円滑（議事進行権）」を両立させるための具体的な仕組みです。総則の目的と各条文の内容を結びつけて理解する必要があります。"
S-23,S,"「サークル援助金は以下の手順で決定するものとする」と第19回総会議案にある。この手順の1番目は「サークルはまず自ら活動資金を集めて1年間の活動を行なう」である。この規定が持つ本質的な意味は何か？","学友会はサークルの活動資金を一切援助しないという方針を示している。","サークル援助金は、サークルの自助努力を前提とした「事後的な補助」という位置づけであることを示している。","サークルの資金集めの能力をテストするための規定である。","会計処理を簡略化するための規定である。",2,"最初に自費で活動し、その実績（領収書等）に基づいて援助金が決まるというプロセスは、援助金が活動の元手ではなく、あくまで活動実績に対する補助・補填であることを明確に示しています。制度の根幹にあるフィロソフィーを問う問題です。"
S-24,S,"耐久消費財の紛失報告について、総会での報告が「審議ができなかった場合」や「報告しなかった場合」には、1年間代替品の購入ができない。このペナルティが終了するのはいつか？","報告しなかった総会から1年後。","報告が終了してから1年が経過するまで。","代替品の購入予算が総会で認められた時。","執行委員会が許可した時。",2,"第42回総会議案の7-4, 7-5には「報告が終了してから１年が経過するまで代替品を購入することができない」とあります。ペナルティの開始時点と終了時点を正確に読み解く必要があります。"
S-25,S,"第45回総会で改正された機関における細則第2条では、各機関の職務が定められているが、会計委員会の職務はこの細則には書かれていない。その理由は何か？","会計委員会には明確な職務がないため。","会計委員会の職務は、基本則という、より上位の規則で定められているため。","会計委員会の職務は、別の「会計委員会に関する細則」で定められているため。","会計委員会の職務は秘密事項であるため。",2,"基本則第16条2項に「各機関についての詳細は、会計委員会については第５章で、それ以外の機関については細則で定める」とあります。つまり、会計委員会だけは特別に基本則レベルでその職務が規定されており、他の機関とは扱いが違うことを理解しているかが問われます。"
S-26,S,"総会の決議で、ある議案が賛成100、反対100の可否同数になった場合、どうなるか？（個人・議長委任状はないものとする）","議長が可否を決定する。","議案は否決されたものと見なされる。","再投票が行われる。","会則に明確な規定はない。",4,"サークル代表者会議では「可否同数の時は議長の決定による」と明確な規定があります。しかし、総会については、提供された文書の中に可否同数の場合の取扱規定が見当たりません。これはルールの不備であり、「規定はない」が正解となります。あるルールとないルールを区別する問題です。"
S-27,S,"サークル代表者会議の議長は「投票権を持たない」。一方、総会の議長は議長団の一員としてその票が「議長委任状として扱われる」。この違いがもたらす最も大きな影響は何か？","総会議長は、サークル代表者会議議長よりも議決に与える影響力が間接的だが大きい可能性がある。","サークル代表者会議議長は、総会議長よりも中立性が高い。","総会は常に多数派が有利になり、サークル代表者会議は膠着しやすい。","どちらも実質的には同じである。",1,"サークル代表者会議議長は可否同数の場合しか影響力を行使できません。一方、総会議長は自らの1票（＋預かった議長委任状）を多数派に加算するため、僅差の採決を決定づける大きな力となり得ます。両者の権限の性質の微妙な違いを理解しているかが問われます。"
S-28,S,"第17回総会議案の「本予算」の定義（7.1）と「前年度仮決算報告」の定義（6.1）を組み合わせると、総会で予算が審議されている時点では、何がまだ確定していない状態だと言えるか？","前年度の最終的な収入と支出。","今年度の会費収入。","各サークルの援助金額。","学友会の総資産額。",1,"「前年度仮決算報告」が「前年度会計年度末前における一時的な決算報告」であることから、予算審議の時点では、参照している前年度の決算すらまだ暫定的なものであることがわかります。複数の定義から、審議のタイミングと情報の確定度合いを推論する問題です。"
S-29,S,"学友会員の権利における細則（第52回総会）と、学友会費に関する細則（第58回総会）を総合すると、休学して権利を延長し、復学後に過年次生となった学生は、どのような扱いを受けると推論できるか？","休学期間分、無料で会員期間が延長される。","復学後、過年次生追加加入の会費（5,000円）を支払う必要がある。","延長された権利と、過年次生としての権利は別物であり、両方の恩恵を受けられる。","休学した期間分の会費（例えば1年なら5,000円）が返還され、復学時に過年次生会費を支払う。",1,"休学時の権利延長は、支払った会費に対応する期間の権利を保障するための制度です。したがって、休学期間が明けて復学した際、元々持っていた権利の残り期間を行使できると解釈するのが最も自然です。過年次生会費は、その権利を使い切った後に追加で権利を得るためのものなので、すぐには適用されません。"
S-30,S,"第42回総会の議案で、耐久消費財のリストの書き方が細かく定められている。この規定が導入された最も大きな目的は何か？","リストの見た目を美しくするため。","各機関の会計担当者の負担を軽減するため。","全機関でフォーマットを統一し、資産管理の正確性と網羅性を高め、引き継ぎを容易にするため。","リスト作成を難しくすることで、備品の購入を抑制するため。",3,"様式を統一する目的は、個人の裁量をなくし、誰が見ても同じように解釈・管理できるようにすることにあります。これは組織的な資産管理の基本であり、その意図を読み解くことが求められます。"
SS-1,SS,"サークル代表者会議の投票において、ある議題に対し賛成15票、反対15票の可否同数となった。この会議には執行委員会から補助として2名の委員が参加していた。この後の展開として、規則上あり得るのはどれか？","補助の執行委員2名が投票し、決着をつける。","議長が自らの判断で可決または否決を決定する。","可否同数のため、議案は自動的に廃案となる。","執行委員長に判断が委ねられる。",2,"サークルに関する細則第11条「可否同数の場合は議長の判断に委ねられる」が直接の根拠です。しかし、難易度を上げるため、同細則第9条の「執行委員会員が補助につく」という情報をダミーとして入れています。補助の委員に議決権はなく、議長のキャスティングボートの権限を知っているかを問う、情報の取捨選択能力が試される問題です。"
SS-2,SS,"執行委員長が任期中に欠員となり、副執行委員長AとBがいた。副執行委員長Aが執行委員長の職務を代行することを選択した場合、その任期はどうなるか？","新たに1期分の任期が始まる。","前任者の残任期間を務める。","次の定期総会まで務める。","臨時総会で新たな執行委員長が任命されるまでの期間務める。",2,"基本則第14条には「副執行委員長が執行委員長の職務を代行するか、またはすみやかに臨時総会を開催し、正副執行委員長を任命しなければならない。この場合の任期は、前任者の残任期間とする」とあります。この「この場合」が「臨時総会で任命された場合」だけを指すのか、「代行した場合」も含むのか解釈が分かれ得ます。しかし文脈上、どちらのケースでも残任期間と解釈するのが最も自然です。選択肢4は「代行」ではなく「臨時総会開催」を選んだ場合のプロセスの一部であり、ひっかけです。"
SS-3,SS,"第17回総会議案の4項には「本年度決算可決より以前に明らかになった問題に対しては、継続して責任追及を行える」とある。一方、第20回総会議案「使途不明金の処理方法」では役員の補填を原則禁止している。では、決算承認前に役員の不正による使途不明金が発覚し、その役員が自主的に補填を申し出た場合、学友会としての最も規則に忠実な対応はどれか？","責任追及の一環として、その補填を受け入れる。","規則に基づき、補填は一切行わない原則を伝え、申し出を断る。","総会で承認を得た上で、例外的に補填を受け入れる。","補填を受け入れ、その後の責任追及は行わない。",2,"2つの異なる議案のルールが衝突しうる状況を想定した問題です。第17回総会では「責任追及」を可能とし、第20回総会では「補填による処理は一切行なわない」と定めています。後者のルールがより具体的かつ強い禁止規定であるため、規則に忠実な対応としては補填を断ることが正解となります。これはルールの優先順位や適用範囲を推論する能力を問う超難問です。"
SS-4,SS,"あるサークルが、サークル代表者会議に代表者も代理人も連絡なく欠席し、援助金の決定に著しく非協力的であったため、議長によって援助金を0円とする申請がなされ、会議で可決された。この決定に対し、当該サークルが不服を申し立てる場合、どの機関に、どのような根拠で訴えるのが最も論理的か？","総会に対し、「サークル代表者会議の決定」が「本会が公認するのにふさわしくない」として、公認取消の不当性を訴える。","執行委員会に対し、議長の権限濫用として調査を要求する。","総会に対し、援助金配分はサークル代表者会議の決定事項であるため、不服申し立てはできない。","総会に対し、サークル援助金の最終的な決定権は総会にある（サークル援助金総額の決定）という上位の権限を根拠に、配分の見直しを求める議案を提出する。",4,"サークル代表者会議の権限（個々の配分決定）と、総会の権限（援助金総額の決定）という、権限の階層構造を理解しているかが問われます。サークル代表者会議の決定は強力ですが、最高の決議機関である総会に、配分の原則や結果について再度審議を求める議案を提出することは、学友会員の権利として可能です。他の選択肢は的を外しているか、権限を誤解しています。"
SS-5,SS,"第17回総会議案で定められた「本会の次年度繰越額」の定義（7.4）と、その額が一致すべきもの（7.5）を考慮すると、決算時に「不明金」が発生するのは、どのような不一致が起きた時か？","「総収入額」と「総支出額」が一致しない時。","「前年度繰越額＋総収入額－総支出額」と「現金・口座等の残高総額」が一致しない時。","「収入予算」と「収入決算」の額が一致しない時。","「内部留保予算」と実際の「内部留保の残高」が一致しない時。",2,"この問題は、会計の基本概念と文書の二つの条文（7.4と7.5）を正確に結びつけて理解する必要があります。7.4は「計算上の次年度繰越額」を定義し、7.5は「実際の資産残高の総額」とそれが一致すべきことを定めています。この二つが一致しない場合に「不明金」が発生するという会計原則を、文書から読み解く必要があります。"
SS-6,SS,"「細則」の制定・改正には「会員の六分の一を超える賛成」が、「基本則」の改正には「会員の五分の一を超える賛成」が必要である。会員数1200名、総会出席者200名（委任状なし）の総会で、ある細則改正案が賛成180票で否決された。この結果から論理的に導かれる結論は何か？","この総会は定足数を満たしていない。","細則改正に必要な賛成数は201票以上だった。","基本則改正であれば、この票数でも可決された可能性がある。","出席者の過半は超えているが、総会員数ベースの要件を満たせなかった。",4,"細則改正には会員の1/6超、つまり1200/6 = 200人を超える賛成（201票以上）が必要です。賛成180票は出席者（200名）の過半数を超えていますが、総会員数ベースの要件には達していません。定足数（120名）は満たしており、基本則改正（1/5超＝241票以上）はもっと厳しいので、4が最も正確な結論です。具体的な数字で計算し、複数のルールを適用する能力が試されます。"
SS-7,SS,"第17回総会議案は、それ自体が「『本会の予算及び決算の原則に関する決議』修正案」である。そして補足で、第16回総会の「本会の予算及び決算の原則に関する決議」を失効させるとある。このことから、第16回総会から第17回総会の間に何があったと推測するのが最も妥当か？","第16回総会で一度ルールが作られたが、不備が見つかったため、翌年の第17回総会で全面的に改訂（修正）された。","第16回総会の議案は一度否決され、第17回総会で再提出された。","第16回と第17回で、全く異なる内容の予算・決算ルールが議論された。","第17回総会の議案は、第16回総会の議案を補足するためのもので、実質的な内容は変わっていない。",1,"議案名が「修正案」であり、かつ旧議案を「失効」させるという点から、単なる追加や無関係な議案ではなく、既存のルールを土台にしつつも、それを置き換えるほどの大きな変更があったと推論するのが最も自然です。文書のメタ情報（議案名や関係性）から背景を読み解く問題です。"
SS-8,SS,"耐久消費財の紛失報告について「その総会が、発覚から3週間以内にある場合はその次の総会まででもよい」という規定がある。この規定が存在する理由として、最も論理的な推論はどれか？","紛失した物品を3週間以内に見つけ出す努力を促すため。","総会の議案提出締切（総会10日前公示、議案提出締切はその更に前）に間に合わないケースを想定し、十分な原因調査と報告準備の期間を保障するため。","3週間という期間が、学友会の事務処理サイクルと一致しているため。","総会が頻繁に開催されることを前提としているため。",2,"紛失発覚から総会までの期間が短いと、原因調査や報告書作成が間に合いません。特に、総会の議案提出には締切がある（総会に関する細則第17条）ことを考慮すると、この締切に間に合わせるのが困難なケースを救済するための規定だと推論できます。複数のルールの関係性から、一つのルールの存在理由を導き出す超難問です。"
SS-9,SS,"公聴会では「いかなる方法の議決も行ってはならない」。一方、総会は「最高の決議機関」である。この2つの会議体の役割分担から、学友会がどのようなプロセスを重視していると考えられるか？","迅速な意思決定よりも、全会一致の合意形成を重視している。","議論を深める場（公聴会）と、意思決定を行う場（総会）を明確に分離し、熟慮に基づいた民主的プロセスを重視している。","執行委員会の権限を強化し、トップダウンの意思決定を円滑にするため。","形式的な手続きを重んじ、実質的な議論を軽視している。",2,"目的の異なる2つの会議体を設けていることから、単に多数決で決めるのではなく、その前に広く意見交換・議論をするプロセスを制度として保障していることが読み取れます。これは、民主的な組織運営における「熟議（deliberation）」の重視と解釈できます。制度全体の設計思想を問うています。"
SS-10,SS,"第21回総会で「サークル代表者会議不在者投票に関する覚書」が失効し、新たな投票ルールが導入された。旧ルールの名称「不在者投票」と、新ルールの内容「定足数に満たなくて開催できない場合、後日投票を行う」を比較して、どのような問題点が改善されたと考えられるか？","会議は開催されたが、欠席者が投票できないという問題が解決された。","会議自体が成立しないという事態に対応できるようになった。","投票の秘密が守られるようになった。","議長の権限が強化された。",2,"「不在者投票」は、会議は開催される前提で、来られない人が投票する制度です。一方、新ルールは「開催できない場合」の代替手段を定めています。このことから、そもそも会議が成立しない（定足数不足）という、より深刻な問題に対応するためにルールが変更されたと推論できます。ルールの名称と内容の変遷から、その背景にある課題を読み解く能力が問われます。"
SS-11,SS,"学友会の基本則と細則は、異なる改正要件（基本則:1/5超、細則:1/6超）を持つ。この「総会員数」を分母とする厳格な要件が、組織運営に与える影響として最も考えられることは？","役員の交代が頻繁に起こり、組織が不安定になる。","少数の熱心な会員だけで、安易に会の根幹ルールが変更されることを防ぐ効果がある。","総会の出席率が常に高い水準で維持される。","ほとんどの議案が否決され、組織が硬直化する可能性がある。",2,"「出席者」ではなく「総会員数」を基準にすることで、総会にあまり関心のない大多数のサイレントマジョリティーの存在が、間接的に現状維持の力として働きます。これにより、一部の活動的な会員による急進的なルール変更を防ぐ、一種の「保守的な安定装置」として機能します。選択肢4も可能性はありますが、最も直接的な「効果」は2です。"
SS-12,SS,"第19回総会で「サークル援助金決定方法」が定められ、第9回総会の「サークル援助金配布方法」が失効した。「配布」から「決定」への名称変更が示唆する、最も重要な変化は何か？","援助金の受け渡し方法が、手渡しから振込に変わった。","援助金の総額が増額された。","各サークルへの援助額が、単なる「配布」ではなく、サークル側の資料提出と折衝・会議での「決定」という、より透明で根拠のあるプロセスを経て決まるようになった。","援助金の申請が、より簡略化された。",3,"「配布」という言葉には一方的なニュアンスがありますが、「決定」にはプロセスや合意形成のニュアンスが含まれます。実際の議案内容も、領収書提出や折衝など、客観的な根拠と手続きを重視するものに変わっており、名称の変更がこの本質的な変化を象徴していると読み解くことができます。"
SS-13,SS,"使途のわかっている不明金に関しては、使途不明金の処理方法に関する議案は適用されない。この「使途のわかっている不明金」とは、どのような状況を指すと解釈するのが最も適切か？","領収書はないが、何に使ったか担当者が覚えているお金。","帳簿上の記録はないが、サークルの備品として現物が残っている支出。","帳簿の記録と領収書はあるが、それが学友会の活動として適切かどうかが不明な支出。","領収書を紛失したが、カードの利用明細などで使途と金額が客観的に証明できるお金。",4,"「使途がわかっている」とは、単に担当者の記憶にあるだけでなく、客観的に証明可能であることを要求すると解釈するのが、会計の透明性・厳格性の観点から最も妥当です。領収書はないがそれに代わる客観的証拠がある場合などがこれにあたります。ルールの例外規定の厳密な解釈を問う問題です。"
SS-14,SS,"第36回総会で改正された「総会に関する細則」は、それ以前に存在したであろう総会運営ルール（例えば第12回総会議案など）を、なぜ個別に失効させると記さなかったのか。最も可能性の高い理由は？","古いルールは全て有効なままであるため。","過去のルールが多すぎて、すべてをリストアップするのが困難だったため。","包括的な新しい細則を制定すること自体が、矛盾する過去の個別ルールを実質的に上書き（特別法は一般法に優先するの原則のように）すると考えられたため。","失効させるのを忘れたため。",3,"包括的で体系的な「細則」を制定した場合、それ以前に存在した個別の、断片的なルール（決議）は、新しい細則の内容と矛盾する限りにおいて、新しいルールが優先され、古いものは実質的に効力を失うと解釈するのが法的な考え方です。この「上書き」の概念を理解しているかを問うています。"
SS-15,SS,"会計委員長の任期は「一期」とされ、再任は妨げられない。一方、執行委員長が任期中に欠員となり、後任者が任命された場合の任期は「前任者の残任期間」である。この違いから、会計委員長の任期は、どのような事態と連動していると考えるのが最も自然か？","執行委員長の任期と連動している。","学友会の年度（前期・後期）と連動している。","特に何とも連動せず、任命された日から1年間である。","本人の希望によって任期が決まる。",1,"会計委員長は執行委員長が指名することから、その任期は執行部の任期と一蓮托生であると考えるのが自然です。執行委員長が交代すれば、新しい執行委員長が新たな会計委員長を指名するのが基本サイクルとなります。そのため、会計委員長の「一期」は執行委員長の「一期」に対応すると推論できます。"
SS-16,SS,"「学友会公認サークルの準公認格下げの条件について」（第47回総会）の議案では、格下げ後の準公認期間が「二年間と一週間有効」と、通常の準公認期間と同じに設定されている。この規定が意図することは何か？","一度格下げされると、二度と公認には戻れないことを示している。","格下げされたサークルに、再度公認を目指すための十分な猶予期間と機会を与えることを意図している。","準公認に格下げされたサークルを、新規の準公認サークルと区別なく扱うことを示している。","この期間設定に特に深い意味はなく、既存の規定を流用しただけである。",2,"格下げは罰則的な側面を持ちますが、その後の期間を新規サークルと同じにすることで、組織を立て直し、再度公認の要件を満たすためのチャンスを与えていると解釈できます。これは、罰則と更生の機会のバランスを取るという、建設的な意図の表れと考えられます。"
SS-17,SS,"第34回総会議案で、議事録の保存版を破棄できるのは「それに代わるものが認められるときのみ」と定められている。現代の技術を考慮すると、この「それに代わるもの」として最も相応しいと考えられるのは何か？","議事録の要約版。","議事録のコピー（複製版）。","改ざん不可能な形式でデジタル化され、複数のバックアップが取られた電子データ。","総会出席者の署名入りの確認書。",3,"「保存版」が持つ原本性、永続性、信頼性を代替できるものでなければなりません。単なるコピーや要約では不十分で、現代においては、長期保存性と真正性が担保されたデジタルアーカイブが最も適切な「代わるもの」と考えられます。規定の趣旨を現代の文脈で解釈する能力を問います。"
SS-18,SS,"学友会費は1年次加入が20,000円、4年次加入が5,000円と、加入年次が遅くなるほど安くなる。この料金体系が採用されている最も大きな理由は何か？","早く加入する学生を優遇するため。","学年が上がるにつれて、学生の経済的負担が大きくなることを考慮しているため。","学友会が提供するサービス（イベント等）を享受できる残りの期間が短くなるため、その期間に応じて会費を減額している。","高学年は学友会活動にあまり参加しないという実態を反映しているため。",3,"会費は通常、4年間の活動に対する対価として設定されています。加入年次が遅い学生は、恩恵を受けられる期間（卒業までの残り時間）が短いわけですから、それに比例して会費を安くするのは、公平性の観点から最も合理的な説明です。制度設計の根拠を経済合理性から推論する問題です。"
SS-19,SS,"第18回総会で、調布祭実行委員会、音楽協議会、体育会の3機関の内部留保金について、不正が考えられた場合に返還させることができる、という議案が可決された。なぜこの3機関だけが名指しされたのか、最も可能性の高い背景は何か？","この3機関が、学友会の他の機関と比べて特に大きな予算規模や内部留保金を扱っていたため。","この3機関の会計担当者が、過去に不正を働いたことがあったため。","この3機関だけが、法人格を持っていたため。","この3機関が、学友会の中で最も歴史が古く、特別な権限を持っていたため。",1,"特定の機関だけを対象とするルールが作られる場合、その機関が他と異なる特別な性質を持つと考えるのが自然です。会計に関するルールであることから、扱う金額の大きさ（予算規模や内部留保金）が、他の機関とは顕著に異なっていた可能性が最も高いと推論できます。文書に書かれていない背景事情を、議案の内容から推測する問題です。"
SS-20,SS,"第57回総会で「学友会員の表記に関する会則改正案」が可決されたが、下線部で示された変更点は「施行年月日」の追記のみである。この一見無意味に見える改正が行われた、最もあり得る目的は何か？","会則の書式を統一するため。","過去の改正履歴を明記することで、会則の変遷を可視化し、透明性を高めるため。","議案提出の実績を作るため。","単なる誤字の修正。",2,"わざわざ総会の議案として「施行年月日」を追記する行為は、その会則がいつの時点で有効なものなのかを明確にする意図があると考えるのが妥当です。これは、過去にいつ、どのような改正が行われたかを記録として残し、誰でもその変遷を追えるようにするという、組織運営の透明性確保に繋がる行為です。行為の裏にある隠れた目的を読み解く問題です。"
SS-21,SS,"基本則の改正要件（会員の1/5超）と細則の改正要件（会員の1/6超）に差が設けられている。この差は、どのような統治思想に基づいているか？","基本則はより変更しにくく（硬性）、細則は比較的変更しやすく（軟性）することで、組織の安定性と柔軟性を両立させる意図。","基本則に関わる議題の方が、会員の関心が高いことを示している。","特に意味はなく、議論の過程で偶然決まっただけである。","細則の方が条文数が多く、改正の頻度が高いため。",1,"国の憲法が法律よりも改正しにくい「硬性憲法」であるのと同じように、組織の根本規範である基本則の改正ハードルを高く設定するのは、組織の安定性を保つための基本的な設計思想です。この統治の概念を類推適用する問題です。"
SS-22,SS,"有効決議録には過去の様々なルールが記載されているが、会則（基本則・細則）も存在する。この二つのルール群の関係性を、法律に例えるならどれが最も近いか？","会則が「憲法」、有効決議録が「個別の法律」。","会則が「法律」、有効決議録が「政令・省令」。","会則が「民法」、有効決議録が「刑法」。","両者は同格で、新しいものが古いものに優先する。",1,"基本則が最高規範であり、細則がその下にあるという構造は、国の法体系における憲法と法律の関係に似ています。そして、総会で個別に議決される有効決議録は、特定の事項について定める個別の法律のような位置づけと考えることができます。2も近いですが、会則自体に階層があるため1がより適切です。"
SS-23,SS,"学友会は「会員の大学生活の充実」を目的とする。この抽象的な目的と、会計や会議手続きに関する非常に具体的なルールの数々との間には、どのような論理的な繋がりがあるか？","目的を公平かつ民主的に達成するためには、透明で厳格な手続き的公正さが不可欠である、という理念が根底にある。","目的達成のためには、可能な限り多くの会費を集める必要があるため、会計ルールが厳しくなっている。","目的とルールは無関係で、ルールは単に組織を維持するためだけのものである。","大学生活が充実しているかどうかを、ルール遵守率で測るため。",1,"「目的」と「手段」の関係性を問う問題です。どんなに崇高な目的を掲げても、その運営（手段）が不透明・不公正であれば、目的は達成されません。詳細な手続き規定は、目的を正しく実現するための土台（手続き的公正）である、という組織論の基本を理解しているかが問われます。"
SS-24,SS,"「サークル代表者会議」は基本則の「機関」にはリストアップされていない。しかし、サークルに関する細則では詳細な規定がある。この組織の法的な位置づけをどう説明するのが最も適切か？","基本則上の機関ではないが、細則によって特別な権限を与えられた、学友会の下部組織であり、かつ公認・準公認サークルによって構成される自治的な会議体。","実質的には学友会で最も力を持つ機関であるが、形式上は機関ではないとされている。","学友会とは全く別の、独立した組織である。","執行委員会の下に置かれた、諮問機関である。",1,"基本則の規定と細則の規定を統合し、その組織の性格（権限、構成員、位置づけ）を正確に言語化する能力が求められます。他の選択肢は、一部は正しいかもしれませんが、全体像を最も正確に捉えているのは1です。"
SS-25,SS,"会計委員長は執行委員長が「指名」し、各機関の長が「承認」する。この二段階の手続きは、執行委員長の権限にどのような影響を与えているか？","執行委員長の任命権を絶対的なものにしている。","執行委員長の任命権を、他の機関との合議制に近い形で制約し、独断を許さない仕組みになっている。","任命プロセスを形骸化させ、実質的に執行委員長が自由に決められるようにしている。","会計委員長を、執行委員長よりも各機関の長に従属させる効果がある。",2,"執行委員長は候補者を「指名」できますが、最終的な任命には他者の「承認」が必要です。これは、執行委員長の権限を完全に否定するものではないが、一方的な行使を不可能にする「チェック機能（牽制）」が働いていることを意味します。権力分立の概念を理解しているかが問われます。"
SS-26,SS,"1991年度の使途不明金に関して、誓約書は「破棄」、返還金は「学友会費にとどめ」、利息は「雑収入に組み込む」という、3つの異なる処理がなされた。この処理の違いが示す、当時の会計処理の思想とは何か？","過去の不祥事に関するものは、できるだけ記録から消したいという意向。","個別の事案の性質に応じて、最も会計上・倫理上、整合性のとれる処理を柔軟に選択した結果。","会計処理が杜撰で、一貫した方針がなかったことの表れ。","返還された金額が少額だったため、厳密な処理をしなかった。",2,"誓約書という個人的な約束事は当事者の合意で「破棄」、返還金という元々会費だった可能性のあるお金は「会費」に戻し、利息という新たに生まれた収益は「雑収入」に計上する。これは、それぞれの性質に合わせて最も適切な会計区分に仕分けるという、非常に丁寧で分別のある処理思想を反映しています。"
SS-27,SS,"総会で「保留されていた議案」は、終了時刻に達した時点で「廃案」となる。このルールがなければ、どのような事態が起こりうるか？","議長が意図的に特定の議案の審議を引き延ばし、事実上、無期限に採決を先送り（塩漬けに）することが可能になってしまう。","保留された議案は、自動的に次回の総会に持ち越され、議案がどんどん溜まっていく。","保留された議案は、全て可決されたものと見なされてしまう。","執行委員会が、保留議案の処遇を自由に決定できてしまう。",1,"「保留」という状態に時間的制約（総会終了まで）を設けることで、議事進行の権限を持つ議長による、意図的な議事妨害や特定議案の潰しを防ぐ効果があります。ルールの存在意義を「もしそのルールがなかったら？」という視点から考える問題です。"
SS-28,SS,"会則の階層構造は「基本則＞細則＞各総会での決議（有効決議録）」となっている。では、ある総会で「基本則に反する内容の細則改正案」が、細則改正の可決要件（1/6超）を満たして可決された場合、その細則の効力はどうなるか？","問題なく有効な細則として成立する。","基本則違反であるため、可決されても無効である。","一時的に有効だが、次の総会で再度審議する必要がある。","基本則が、その細則に合わせて自動的に改正されたと見なされる。",2,"基本則第4条「基本則は本会の最高規範である」および第6条「基本則に反しない範囲で細則を定めることができる」という規定により、下位規範である細則が上位規範である基本則に違反することは許されません。したがって、たとえ可決要件を満たしても、その細則は法的に無効となります。法の階層性の原理を理解しているかが問われます。"
SS-29,SS,"学友会員の権利として「総会における議案提出権」がある。一方、総会に関する細則では、議案提出に締切が設けられている。この二つの関係性をどう解釈すべきか？","細則は会員の権利を不当に制限しており、無効である。","議案提出権という権利の行使に対して、会の円滑な運営のために、手続き上の合理的な制約（締切）を課している。","議案提出権は、執行委員会にのみ認められた権利である。","締切を過ぎても、権利を主張すれば議案は受理されるべきである。",2,"権利は無制約に認められるわけではなく、他者の権利や共同体の利益との調整のために、合理的で必要な範囲で制約を受けることがあります。このケースでは、「議案提出権」という権利を保障しつつも、総会の円滑な運営という目的のために「事前提出・締切」という手続き的制約を課していると解釈するのが、法的な思考として妥当です。"
SS-30,SS,"第19回総会で定められたサークル援助金の決定方法は、サークルの「前年度活動報告」を要求している。このことが、サークルの活動に与える最も大きな影響は何か？","サークルは、将来の援助金を得るために、日々の活動をきちんと記録し、報告書としてまとめるインセンティブを持つことになる。","サークルは、活動報告書の書き方を学ぶ良い機会を得られる。","サークルは、前年度と同じ活動を繰り返すようになる。","活動報告の負担が大きすぎて、サークルの活動が停滞する。",1,"「過去の実績」が「将来の利益」に繋がるという制度設計は、人や組織の行動を特定の方向に誘導する強い力（インセンティブ）を持ちます。この場合、きちんと活動し、それを記録・報告することが、援助金という実利に繋がるため、サークルの説明責任や活動の質向上を促す効果が期待できます。"

